card_id,qr_filename,qr_url,url
YSLC601,YSLC601.png,https://yolkshire-golden-yolk-qr.netlify.app/YSLC601.png,https://yolkshire-pune.github.io/loyalty-card-tracker/?id=YSLC601
YSLC602,YSLC602.png,https://yolkshire-golden-yolk-qr.netlify.app/YSLC602.png,https://yolkshire-pune.github.io/loyalty-card-tracker/?id=YSLC602
YSLC603,YSLC603.png,https://yolkshire-golden-yolk-qr.netlify.app/YSLC603.png,https://yolkshire-pune.github.io/loyalty-card-tracker/?id=YSLC603
YSLC604,YSLC604.png,https://yolkshire-golden-yolk-qr.netlify.app/YSLC604.png,https://yolkshire-pune.github.io/loyalty-card-tracker/?id=YSLC604
YSLC605,YSLC605.png,https://yolkshire-golden-yolk-qr.netlify.app/YSLC605.png,https://yolkshire-pune.github.io/loyalty-card-tracker/?id=YSLC605
YSLC606,YSLC606.png,https://yolkshire-golden-yolk-qr.netlify.app/YSLC606.png,https://yolkshire-pune.github.io/loyalty-card-tracker/?id=YSLC606
YSLC607,YSLC607.png,https://yolkshire-golden-yolk-qr.netlify.app/YSLC607.png,https://yolkshire-pune.github.io/loyalty-card-tracker/?id=YSLC607
YSLC608,YSLC608.png,https://yolkshire-golden-yolk-qr.netlify.app/YSLC608.png,https://yolkshire-pune.github.io/loyalty-card-tracker/?id=YSLC608
YSLC609,YSLC609.png,https://yolkshire-golden-yolk-qr.netlify.app/YSLC609.png,https://yolkshire-pune.github.io/loyalty-card-tracker/?id=YSLC609
YSLC610,YSLC610.png,https://yolkshire-golden-yolk-qr.netlify.app/YSLC610.png,https://yolkshire-pune.github.io/loyalty-card-tracker/?id=YSLC610
YSLC611,YSLC611.png,https://yolkshire-golden-yolk-qr.netlify.app/YSLC611.png,https://yolkshire-pune.github.io/loyalty-card-tracker/?id=YSLC611
YSLC612,YSLC612.png,https://yolkshire-golden-yolk-qr.netlify.app/YSLC612.png,https://yolkshire-pune.github.io/loyalty-card-tracker/?id=YSLC612
YSLC613,YSLC613.png,https://yolkshire-golden-yolk-qr.netlify.app/YSLC613.png,https://yolkshire-pune.github.io/loyalty-card-tracker/?id=YSLC613
YSLC614,YSLC614.png,https://yolkshire-golden-yolk-qr.netlify.app/YSLC614.png,https://yolkshire-pune.github.io/loyalty-card-tracker/?id=YSLC614
YSLC615,YSLC615.png,https://yolkshire-golden-yolk-qr.netlify.app/YSLC615.png,https://yolkshire-pune.github.io/loyalty-card-tracker/?id=YSLC615
YSLC616,YSLC616.png,https://yolkshire-golden-yolk-qr.netlify.app/YSLC616.png,https://yolkshire-pune.github.io/loyalty-card-tracker/?id=YSLC616
YSLC617,YSLC617.png,https://yolkshire-golden-yolk-qr.netlify.app/YSLC617.png,https://yolkshire-pune.github.io/loyalty-card-tracker/?id=YSLC617
YSLC618,YSLC618.png,https://yolkshire-golden-yolk-qr.netlify.app/YSLC618.png,https://yolkshire-pune.github.io/loyalty-card-tracker/?id=YSLC618
YSLC619,YSLC619.png,https://yolkshire-golden-yolk-qr.netlify.app/YSLC619.png,https://yolkshire-pune.github.io/loyalty-card-tracker/?id=YSLC619
YSLC620,YSLC620.png,https://yolkshire-golden-yolk-qr.netlify.app/YSLC620.png,https://yolkshire-pune.github.io/loyalty-card-tracker/?id=YSLC620
YSLC621,YSLC621.png,https://yolkshire-golden-yolk-qr.netlify.app/YSLC621.png,https://yolkshire-pune.github.io/loyalty-card-tracker/?id=YSLC621
YSLC622,YSLC622.png,https://yolkshire-golden-yolk-qr.netlify.app/YSLC622.png,https://yolkshire-pune.github.io/loyalty-card-tracker/?id=YSLC622
YSLC623,YSLC623.png,https://yolkshire-golden-yolk-qr.netlify.app/YSLC623.png,https://yolkshire-pune.github.io/loyalty-card-tracker/?id=YSLC623
YSLC624,YSLC624.png,https://yolkshire-golden-yolk-qr.netlify.app/YSLC624.png,https://yolkshire-pune.github.io/loyalty-card-tracker/?id=YSLC624
YSLC625,YSLC625.png,https://yolkshire-golden-yolk-qr.netlify.app/YSLC625.png,https://yolkshire-pune.github.io/loyalty-card-tracker/?id=YSLC625
YSLC626,YSLC626.png,https://yolkshire-golden-yolk-qr.netlify.app/YSLC626.png,https://yolkshire-pune.github.io/loyalty-card-tracker/?id=YSLC626
YSLC627,YSLC627.png,https://yolkshire-golden-yolk-qr.netlify.app/YSLC627.png,https://yolkshire-pune.github.io/loyalty-card-tracker/?id=YSLC627
YSLC628,YSLC628.png,https://yolkshire-golden-yolk-qr.netlify.app/YSLC628.png,https://yolkshire-pune.github.io/loyalty-card-tracker/?id=YSLC628
YSLC629,YSLC629.png,https://yolkshire-golden-yolk-qr.netlify.app/YSLC629.png,https://yolkshire-pune.github.io/loyalty-card-tracker/?id=YSLC629
YSLC630,YSLC630.png,https://yolkshire-golden-yolk-qr.netlify.app/YSLC630.png,https://yolkshire-pune.github.io/loyalty-card-tracker/?id=YSLC630
YSLC631,YSLC631.png,https://yolkshire-golden-yolk-qr.netlify.app/YSLC631.png,https://yolkshire-pune.github.io/loyalty-card-tracker/?id=YSLC631
YSLC632,YSLC632.png,https://yolkshire-golden-yolk-qr.netlify.app/YSLC632.png,https://yolkshire-pune.github.io/loyalty-card-tracker/?id=YSLC632
YSLC633,YSLC633.png,https://yolkshire-golden-yolk-qr.netlify.app/YSLC633.png,https://yolkshire-pune.github.io/loyalty-card-tracker/?id=YSLC633
YSLC634,YSLC634.png,https://yolkshire-golden-yolk-qr.netlify.app/YSLC634.png,https://yolkshire-pune.github.io/loyalty-card-tracker/?id=YSLC634
YSLC635,YSLC635.png,https://yolkshire-golden-yolk-qr.netlify.app/YSLC635.png,https://yolkshire-pune.github.io/loyalty-card-tracker/?id=YSLC635
YSLC636,YSLC636.png,https://yolkshire-golden-yolk-qr.netlify.app/YSLC636.png,https://yolkshire-pune.github.io/loyalty-card-tracker/?id=YSLC636
YSLC637,YSLC637.png,https://yolkshire-golden-yolk-qr.netlify.app/YSLC637.png,https://yolkshire-pune.github.io/loyalty-card-tracker/?id=YSLC637
YSLC638,YSLC638.png,https://yolkshire-golden-yolk-qr.netlify.app/YSLC638.png,https://yolkshire-pune.github.io/loyalty-card-tracker/?id=YSLC638
YSLC639,YSLC639.png,https://yolkshire-golden-yolk-qr.netlify.app/YSLC639.png,https://yolkshire-pune.github.io/loyalty-card-tracker/?id=YSLC639
YSLC640,YSLC640.png,https://yolkshire-golden-yolk-qr.netlify.app/YSLC640.png,https://yolkshire-pune.github.io/loyalty-card-tracker/?id=YSLC640
YSLC641,YSLC641.png,https://yolkshire-golden-yolk-qr.netlify.app/YSLC641.png,https://yolkshire-pune.github.io/loyalty-card-tracker/?id=YSLC641
YSLC642,YSLC642.png,https://yolkshire-golden-yolk-qr.netlify.app/YSLC642.png,https://yolkshire-pune.github.io/loyalty-card-tracker/?id=YSLC642
YSLC643,YSLC643.png,https://yolkshire-golden-yolk-qr.netlify.app/YSLC643.png,https://yolkshire-pune.github.io/loyalty-card-tracker/?id=YSLC643
YSLC644,YSLC644.png,https://yolkshire-golden-yolk-qr.netlify.app/YSLC644.png,https://yolkshire-pune.github.io/loyalty-card-tracker/?id=YSLC644
YSLC645,YSLC645.png,https://yolkshire-golden-yolk-qr.netlify.app/YSLC645.png,https://yolkshire-pune.github.io/loyalty-card-tracker/?id=YSLC645
YSLC646,YSLC646.png,https://yolkshire-golden-yolk-qr.netlify.app/YSLC646.png,https://yolkshire-pune.github.io/loyalty-card-tracker/?id=YSLC646
YSLC647,YSLC647.png,https://yolkshire-golden-yolk-qr.netlify.app/YSLC647.png,https://yolkshire-pune.github.io/loyalty-card-tracker/?id=YSLC647
YSLC648,YSLC648.png,https://yolkshire-golden-yolk-qr.netlify.app/YSLC648.png,https://yolkshire-pune.github.io/loyalty-card-tracker/?id=YSLC648
YSLC649,YSLC649.png,https://yolkshire-golden-yolk-qr.netlify.app/YSLC649.png,https://yolkshire-pune.github.io/loyalty-card-tracker/?id=YSLC649
YSLC650,YSLC650.png,https://yolkshire-golden-yolk-qr.netlify.app/YSLC650.png,https://yolkshire-pune.github.io/loyalty-card-tracker/?id=YSLC650
YSLC651,YSLC651.png,https://yolkshire-golden-yolk-qr.netlify.app/YSLC651.png,https://yolkshire-pune.github.io/loyalty-card-tracker/?id=YSLC651
YSLC652,YSLC652.png,https://yolkshire-golden-yolk-qr.netlify.app/YSLC652.png,https://yolkshire-pune.github.io/loyalty-card-tracker/?id=YSLC652
YSLC653,YSLC653.png,https://yolkshire-golden-yolk-qr.netlify.app/YSLC653.png,https://yolkshire-pune.github.io/loyalty-card-tracker/?id=YSLC653
YSLC654,YSLC654.png,https://yolkshire-golden-yolk-qr.netlify.app/YSLC654.png,https://yolkshire-pune.github.io/loyalty-card-tracker/?id=YSLC654
YSLC655,YSLC655.png,https://yolkshire-golden-yolk-qr.netlify.app/YSLC655.png,https://yolkshire-pune.github.io/loyalty-card-tracker/?id=YSLC655
YSLC656,YSLC656.png,https://yolkshire-golden-yolk-qr.netlify.app/YSLC656.png,https://yolkshire-pune.github.io/loyalty-card-tracker/?id=YSLC656
YSLC657,YSLC657.png,https://yolkshire-golden-yolk-qr.netlify.app/YSLC657.png,https://yolkshire-pune.github.io/loyalty-card-tracker/?id=YSLC657
YSLC658,YSLC658.png,https://yolkshire-golden-yolk-qr.netlify.app/YSLC658.png,https://yolkshire-pune.github.io/loyalty-card-tracker/?id=YSLC658
YSLC659,YSLC659.png,https://yolkshire-golden-yolk-qr.netlify.app/YSLC659.png,https://yolkshire-pune.github.io/loyalty-card-tracker/?id=YSLC659
YSLC660,YSLC660.png,https://yolkshire-golden-yolk-qr.netlify.app/YSLC660.png,https://yolkshire-pune.github.io/loyalty-card-tracker/?id=YSLC660
YSLC661,YSLC661.png,https://yolkshire-golden-yolk-qr.netlify.app/YSLC661.png,https://yolkshire-pune.github.io/loyalty-card-tracker/?id=YSLC661
YSLC662,YSLC662.png,https://yolkshire-golden-yolk-qr.netlify.app/YSLC662.png,https://yolkshire-pune.github.io/loyalty-card-tracker/?id=YSLC662
YSLC663,YSLC663.png,https://yolkshire-golden-yolk-qr.netlify.app/YSLC663.png,https://yolkshire-pune.github.io/loyalty-card-tracker/?id=YSLC663
YSLC664,YSLC664.png,https://yolkshire-golden-yolk-qr.netlify.app/YSLC664.png,https://yolkshire-pune.github.io/loyalty-card-tracker/?id=YSLC664
YSLC665,YSLC665.png,https://yolkshire-golden-yolk-qr.netlify.app/YSLC665.png,https://yolkshire-pune.github.io/loyalty-card-tracker/?id=YSLC665
YSLC666,YSLC666.png,https://yolkshire-golden-yolk-qr.netlify.app/YSLC666.png,https://yolkshire-pune.github.io/loyalty-card-tracker/?id=YSLC666
YSLC667,YSLC667.png,https://yolkshire-golden-yolk-qr.netlify.app/YSLC667.png,https://yolkshire-pune.github.io/loyalty-card-tracker/?id=YSLC667
YSLC668,YSLC668.png,https://yolkshire-golden-yolk-qr.netlify.app/YSLC668.png,https://yolkshire-pune.github.io/loyalty-card-tracker/?id=YSLC668
YSLC669,YSLC669.png,https://yolkshire-golden-yolk-qr.netlify.app/YSLC669.png,https://yolkshire-pune.github.io/loyalty-card-tracker/?id=YSLC669
YSLC670,YSLC670.png,https://yolkshire-golden-yolk-qr.netlify.app/YSLC670.png,https://yolkshire-pune.github.io/loyalty-card-tracker/?id=YSLC670
YSLC671,YSLC671.png,https://yolkshire-golden-yolk-qr.netlify.app/YSLC671.png,https://yolkshire-pune.github.io/loyalty-card-tracker/?id=YSLC671
YSLC672,YSLC672.png,https://yolkshire-golden-yolk-qr.netlify.app/YSLC672.png,https://yolkshire-pune.github.io/loyalty-card-tracker/?id=YSLC672
YSLC673,YSLC673.png,https://yolkshire-golden-yolk-qr.netlify.app/YSLC673.png,https://yolkshire-pune.github.io/loyalty-card-tracker/?id=YSLC673
YSLC674,YSLC674.png,https://yolkshire-golden-yolk-qr.netlify.app/YSLC674.png,https://yolkshire-pune.github.io/loyalty-card-tracker/?id=YSLC674
YSLC675,YSLC675.png,https://yolkshire-golden-yolk-qr.netlify.app/YSLC675.png,https://yolkshire-pune.github.io/loyalty-card-tracker/?id=YSLC675
YSLC676,YSLC676.png,https://yolkshire-golden-yolk-qr.netlify.app/YSLC676.png,https://yolkshire-pune.github.io/loyalty-card-tracker/?id=YSLC676
YSLC677,YSLC677.png,https://yolkshire-golden-yolk-qr.netlify.app/YSLC677.png,https://yolkshire-pune.github.io/loyalty-card-tracker/?id=YSLC677
YSLC678,YSLC678.png,https://yolkshire-golden-yolk-qr.netlify.app/YSLC678.png,https://yolkshire-pune.github.io/loyalty-card-tracker/?id=YSLC678
YSLC679,YSLC679.png,https://yolkshire-golden-yolk-qr.netlify.app/YSLC679.png,https://yolkshire-pune.github.io/loyalty-card-tracker/?id=YSLC679
YSLC680,YSLC680.png,https://yolkshire-golden-yolk-qr.netlify.app/YSLC680.png,https://yolkshire-pune.github.io/loyalty-card-tracker/?id=YSLC680
YSLC681,YSLC681.png,https://yolkshire-golden-yolk-qr.netlify.app/YSLC681.png,https://yolkshire-pune.github.io/loyalty-card-tracker/?id=YSLC681
YSLC682,YSLC682.png,https://yolkshire-golden-yolk-qr.netlify.app/YSLC682.png,https://yolkshire-pune.github.io/loyalty-card-tracker/?id=YSLC682
YSLC683,YSLC683.png,https://yolkshire-golden-yolk-qr.netlify.app/YSLC683.png,https://yolkshire-pune.github.io/loyalty-card-tracker/?id=YSLC683
YSLC684,YSLC684.png,https://yolkshire-golden-yolk-qr.netlify.app/YSLC684.png,https://yolkshire-pune.github.io/loyalty-card-tracker/?id=YSLC684
YSLC685,YSLC685.png,https://yolkshire-golden-yolk-qr.netlify.app/YSLC685.png,https://yolkshire-pune.github.io/loyalty-card-tracker/?id=YSLC685
YSLC686,YSLC686.png,https://yolkshire-golden-yolk-qr.netlify.app/YSLC686.png,https://yolkshire-pune.github.io/loyalty-card-tracker/?id=YSLC686
YSLC687,YSLC687.png,https://yolkshire-golden-yolk-qr.netlify.app/YSLC687.png,https://yolkshire-pune.github.io/loyalty-card-tracker/?id=YSLC687
YSLC688,YSLC688.png,https://yolkshire-golden-yolk-qr.netlify.app/YSLC688.png,https://yolkshire-pune.github.io/loyalty-card-tracker/?id=YSLC688
YSLC689,YSLC689.png,https://yolkshire-golden-yolk-qr.netlify.app/YSLC689.png,https://yolkshire-pune.github.io/loyalty-card-tracker/?id=YSLC689
YSLC690,YSLC690.png,https://yolkshire-golden-yolk-qr.netlify.app/YSLC690.png,https://yolkshire-pune.github.io/loyalty-card-tracker/?id=YSLC690
YSLC691,YSLC691.png,https://yolkshire-golden-yolk-qr.netlify.app/YSLC691.png,https://yolkshire-pune.github.io/loyalty-card-tracker/?id=YSLC691
YSLC692,YSLC692.png,https://yolkshire-golden-yolk-qr.netlify.app/YSLC692.png,https://yolkshire-pune.github.io/loyalty-card-tracker/?id=YSLC692
YSLC693,YSLC693.png,https://yolkshire-golden-yolk-qr.netlify.app/YSLC693.png,https://yolkshire-pune.github.io/loyalty-card-tracker/?id=YSLC693
YSLC694,YSLC694.png,https://yolkshire-golden-yolk-qr.netlify.app/YSLC694.png,https://yolkshire-pune.github.io/loyalty-card-tracker/?id=YSLC694
YSLC695,YSLC695.png,https://yolkshire-golden-yolk-qr.netlify.app/YSLC695.png,https://yolkshire-pune.github.io/loyalty-card-tracker/?id=YSLC695
YSLC696,YSLC696.png,https://yolkshire-golden-yolk-qr.netlify.app/YSLC696.png,https://yolkshire-pune.github.io/loyalty-card-tracker/?id=YSLC696
YSLC697,YSLC697.png,https://yolkshire-golden-yolk-qr.netlify.app/YSLC697.png,https://yolkshire-pune.github.io/loyalty-card-tracker/?id=YSLC697
YSLC698,YSLC698.png,https://yolkshire-golden-yolk-qr.netlify.app/YSLC698.png,https://yolkshire-pune.github.io/loyalty-card-tracker/?id=YSLC698
YSLC699,YSLC699.png,https://yolkshire-golden-yolk-qr.netlify.app/YSLC699.png,https://yolkshire-pune.github.io/loyalty-card-tracker/?id=YSLC699
YSLC700,YSLC700.png,https://yolkshire-golden-yolk-qr.netlify.app/YSLC700.png,https://yolkshire-pune.github.io/loyalty-card-tracker/?id=YSLC700
YSLC701,YSLC701.png,https://yolkshire-golden-yolk-qr.netlify.app/YSLC701.png,https://yolkshire-pune.github.io/loyalty-card-tracker/?id=YSLC701
YSLC702,YSLC702.png,https://yolkshire-golden-yolk-qr.netlify.app/YSLC702.png,https://yolkshire-pune.github.io/loyalty-card-tracker/?id=YSLC702
YSLC703,YSLC703.png,https://yolkshire-golden-yolk-qr.netlify.app/YSLC703.png,https://yolkshire-pune.github.io/loyalty-card-tracker/?id=YSLC703
YSLC704,YSLC704.png,https://yolkshire-golden-yolk-qr.netlify.app/YSLC704.png,https://yolkshire-pune.github.io/loyalty-card-tracker/?id=YSLC704
YSLC705,YSLC705.png,https://yolkshire-golden-yolk-qr.netlify.app/YSLC705.png,https://yolkshire-pune.github.io/loyalty-card-tracker/?id=YSLC705
YSLC706,YSLC706.png,https://yolkshire-golden-yolk-qr.netlify.app/YSLC706.png,https://yolkshire-pune.github.io/loyalty-card-tracker/?id=YSLC706
YSLC707,YSLC707.png,https://yolkshire-golden-yolk-qr.netlify.app/YSLC707.png,https://yolkshire-pune.github.io/loyalty-card-tracker/?id=YSLC707
YSLC708,YSLC708.png,https://yolkshire-golden-yolk-qr.netlify.app/YSLC708.png,https://yolkshire-pune.github.io/loyalty-card-tracker/?id=YSLC708
YSLC709,YSLC709.png,https://yolkshire-golden-yolk-qr.netlify.app/YSLC709.png,https://yolkshire-pune.github.io/loyalty-card-tracker/?id=YSLC709
YSLC710,YSLC710.png,https://yolkshire-golden-yolk-qr.netlify.app/YSLC710.png,https://yolkshire-pune.github.io/loyalty-card-tracker/?id=YSLC710
YSLC711,YSLC711.png,https://yolkshire-golden-yolk-qr.netlify.app/YSLC711.png,https://yolkshire-pune.github.io/loyalty-card-tracker/?id=YSLC711
YSLC712,YSLC712.png,https://yolkshire-golden-yolk-qr.netlify.app/YSLC712.png,https://yolkshire-pune.github.io/loyalty-card-tracker/?id=YSLC712
YSLC713,YSLC713.png,https://yolkshire-golden-yolk-qr.netlify.app/YSLC713.png,https://yolkshire-pune.github.io/loyalty-card-tracker/?id=YSLC713
YSLC714,YSLC714.png,https://yolkshire-golden-yolk-qr.netlify.app/YSLC714.png,https://yolkshire-pune.github.io/loyalty-card-tracker/?id=YSLC714
YSLC715,YSLC715.png,https://yolkshire-golden-yolk-qr.netlify.app/YSLC715.png,https://yolkshire-pune.github.io/loyalty-card-tracker/?id=YSLC715
YSLC716,YSLC716.png,https://yolkshire-golden-yolk-qr.netlify.app/YSLC716.png,https://yolkshire-pune.github.io/loyalty-card-tracker/?id=YSLC716
YSLC717,YSLC717.png,https://yolkshire-golden-yolk-qr.netlify.app/YSLC717.png,https://yolkshire-pune.github.io/loyalty-card-tracker/?id=YSLC717
YSLC718,YSLC718.png,https://yolkshire-golden-yolk-qr.netlify.app/YSLC718.png,https://yolkshire-pune.github.io/loyalty-card-tracker/?id=YSLC718
YSLC719,YSLC719.png,https://yolkshire-golden-yolk-qr.netlify.app/YSLC719.png,https://yolkshire-pune.github.io/loyalty-card-tracker/?id=YSLC719
YSLC720,YSLC720.png,https://yolkshire-golden-yolk-qr.netlify.app/YSLC720.png,https://yolkshire-pune.github.io/loyalty-card-tracker/?id=YSLC720
YSLC721,YSLC721.png,https://yolkshire-golden-yolk-qr.netlify.app/YSLC721.png,https://yolkshire-pune.github.io/loyalty-card-tracker/?id=YSLC721
YSLC722,YSLC722.png,https://yolkshire-golden-yolk-qr.netlify.app/YSLC722.png,https://yolkshire-pune.github.io/loyalty-card-tracker/?id=YSLC722
YSLC723,YSLC723.png,https://yolkshire-golden-yolk-qr.netlify.app/YSLC723.png,https://yolkshire-pune.github.io/loyalty-card-tracker/?id=YSLC723
YSLC724,YSLC724.png,https://yolkshire-golden-yolk-qr.netlify.app/YSLC724.png,https://yolkshire-pune.github.io/loyalty-card-tracker/?id=YSLC724
YSLC725,YSLC725.png,https://yolkshire-golden-yolk-qr.netlify.app/YSLC725.png,https://yolkshire-pune.github.io/loyalty-card-tracker/?id=YSLC725
YSLC726,YSLC726.png,https://yolkshire-golden-yolk-qr.netlify.app/YSLC726.png,https://yolkshire-pune.github.io/loyalty-card-tracker/?id=YSLC726
YSLC727,YSLC727.png,https://yolkshire-golden-yolk-qr.netlify.app/YSLC727.png,https://yolkshire-pune.github.io/loyalty-card-tracker/?id=YSLC727
YSLC728,YSLC728.png,https://yolkshire-golden-yolk-qr.netlify.app/YSLC728.png,https://yolkshire-pune.github.io/loyalty-card-tracker/?id=YSLC728
YSLC729,YSLC729.png,https://yolkshire-golden-yolk-qr.netlify.app/YSLC729.png,https://yolkshire-pune.github.io/loyalty-card-tracker/?id=YSLC729
YSLC730,YSLC730.png,https://yolkshire-golden-yolk-qr.netlify.app/YSLC730.png,https://yolkshire-pune.github.io/loyalty-card-tracker/?id=YSLC730
YSLC731,YSLC731.png,https://yolkshire-golden-yolk-qr.netlify.app/YSLC731.png,https://yolkshire-pune.github.io/loyalty-card-tracker/?id=YSLC731
YSLC732,YSLC732.png,https://yolkshire-golden-yolk-qr.netlify.app/YSLC732.png,https://yolkshire-pune.github.io/loyalty-card-tracker/?id=YSLC732
YSLC733,YSLC733.png,https://yolkshire-golden-yolk-qr.netlify.app/YSLC733.png,https://yolkshire-pune.github.io/loyalty-card-tracker/?id=YSLC733
YSLC734,YSLC734.png,https://yolkshire-golden-yolk-qr.netlify.app/YSLC734.png,https://yolkshire-pune.github.io/loyalty-card-tracker/?id=YSLC734
YSLC735,YSLC735.png,https://yolkshire-golden-yolk-qr.netlify.app/YSLC735.png,https://yolkshire-pune.github.io/loyalty-card-tracker/?id=YSLC735
YSLC736,YSLC736.png,https://yolkshire-golden-yolk-qr.netlify.app/YSLC736.png,https://yolkshire-pune.github.io/loyalty-card-tracker/?id=YSLC736
YSLC737,YSLC737.png,https://yolkshire-golden-yolk-qr.netlify.app/YSLC737.png,https://yolkshire-pune.github.io/loyalty-card-tracker/?id=YSLC737
YSLC738,YSLC738.png,https://yolkshire-golden-yolk-qr.netlify.app/YSLC738.png,https://yolkshire-pune.github.io/loyalty-card-tracker/?id=YSLC738
YSLC739,YSLC739.png,https://yolkshire-golden-yolk-qr.netlify.app/YSLC739.png,https://yolkshire-pune.github.io/loyalty-card-tracker/?id=YSLC739
YSLC740,YSLC740.png,https://yolkshire-golden-yolk-qr.netlify.app/YSLC740.png,https://yolkshire-pune.github.io/loyalty-card-tracker/?id=YSLC740
YSLC741,YSLC741.png,https://yolkshire-golden-yolk-qr.netlify.app/YSLC741.png,https://yolkshire-pune.github.io/loyalty-card-tracker/?id=YSLC741
YSLC742,YSLC742.png,https://yolkshire-golden-yolk-qr.netlify.app/YSLC742.png,https://yolkshire-pune.github.io/loyalty-card-tracker/?id=YSLC742
YSLC743,YSLC743.png,https://yolkshire-golden-yolk-qr.netlify.app/YSLC743.png,https://yolkshire-pune.github.io/loyalty-card-tracker/?id=YSLC743
YSLC744,YSLC744.png,https://yolkshire-golden-yolk-qr.netlify.app/YSLC744.png,https://yolkshire-pune.github.io/loyalty-card-tracker/?id=YSLC744
YSLC745,YSLC745.png,https://yolkshire-golden-yolk-qr.netlify.app/YSLC745.png,https://yolkshire-pune.github.io/loyalty-card-tracker/?id=YSLC745
YSLC746,YSLC746.png,https://yolkshire-golden-yolk-qr.netlify.app/YSLC746.png,https://yolkshire-pune.github.io/loyalty-card-tracker/?id=YSLC746
YSLC747,YSLC747.png,https://yolkshire-golden-yolk-qr.netlify.app/YSLC747.png,https://yolkshire-pune.github.io/loyalty-card-tracker/?id=YSLC747
YSLC748,YSLC748.png,https://yolkshire-golden-yolk-qr.netlify.app/YSLC748.png,https://yolkshire-pune.github.io/loyalty-card-tracker/?id=YSLC748
YSLC749,YSLC749.png,https://yolkshire-golden-yolk-qr.netlify.app/YSLC749.png,https://yolkshire-pune.github.io/loyalty-card-tracker/?id=YSLC749
YSLC750,YSLC750.png,https://yolkshire-golden-yolk-qr.netlify.app/YSLC750.png,https://yolkshire-pune.github.io/loyalty-card-tracker/?id=YSLC750
YSLC751,YSLC751.png,https://yolkshire-golden-yolk-qr.netlify.app/YSLC751.png,https://yolkshire-pune.github.io/loyalty-card-tracker/?id=YSLC751
YSLC752,YSLC752.png,https://yolkshire-golden-yolk-qr.netlify.app/YSLC752.png,https://yolkshire-pune.github.io/loyalty-card-tracker/?id=YSLC752
YSLC753,YSLC753.png,https://yolkshire-golden-yolk-qr.netlify.app/YSLC753.png,https://yolkshire-pune.github.io/loyalty-card-tracker/?id=YSLC753
YSLC754,YSLC754.png,https://yolkshire-golden-yolk-qr.netlify.app/YSLC754.png,https://yolkshire-pune.github.io/loyalty-card-tracker/?id=YSLC754
YSLC755,YSLC755.png,https://yolkshire-golden-yolk-qr.netlify.app/YSLC755.png,https://yolkshire-pune.github.io/loyalty-card-tracker/?id=YSLC755
YSLC756,YSLC756.png,https://yolkshire-golden-yolk-qr.netlify.app/YSLC756.png,https://yolkshire-pune.github.io/loyalty-card-tracker/?id=YSLC756
YSLC757,YSLC757.png,https://yolkshire-golden-yolk-qr.netlify.app/YSLC757.png,https://yolkshire-pune.github.io/loyalty-card-tracker/?id=YSLC757
YSLC758,YSLC758.png,https://yolkshire-golden-yolk-qr.netlify.app/YSLC758.png,https://yolkshire-pune.github.io/loyalty-card-tracker/?id=YSLC758
YSLC759,YSLC759.png,https://yolkshire-golden-yolk-qr.netlify.app/YSLC759.png,https://yolkshire-pune.github.io/loyalty-card-tracker/?id=YSLC759
YSLC760,YSLC760.png,https://yolkshire-golden-yolk-qr.netlify.app/YSLC760.png,https://yolkshire-pune.github.io/loyalty-card-tracker/?id=YSLC760
YSLC761,YSLC761.png,https://yolkshire-golden-yolk-qr.netlify.app/YSLC761.png,https://yolkshire-pune.github.io/loyalty-card-tracker/?id=YSLC761
YSLC762,YSLC762.png,https://yolkshire-golden-yolk-qr.netlify.app/YSLC762.png,https://yolkshire-pune.github.io/loyalty-card-tracker/?id=YSLC762
YSLC763,YSLC763.png,https://yolkshire-golden-yolk-qr.netlify.app/YSLC763.png,https://yolkshire-pune.github.io/loyalty-card-tracker/?id=YSLC763
YSLC764,YSLC764.png,https://yolkshire-golden-yolk-qr.netlify.app/YSLC764.png,https://yolkshire-pune.github.io/loyalty-card-tracker/?id=YSLC764
YSLC765,YSLC765.png,https://yolkshire-golden-yolk-qr.netlify.app/YSLC765.png,https://yolkshire-pune.github.io/loyalty-card-tracker/?id=YSLC765
YSLC766,YSLC766.png,https://yolkshire-golden-yolk-qr.netlify.app/YSLC766.png,https://yolkshire-pune.github.io/loyalty-card-tracker/?id=YSLC766
YSLC767,YSLC767.png,https://yolkshire-golden-yolk-qr.netlify.app/YSLC767.png,https://yolkshire-pune.github.io/loyalty-card-tracker/?id=YSLC767
YSLC768,YSLC768.png,https://yolkshire-golden-yolk-qr.netlify.app/YSLC768.png,https://yolkshire-pune.github.io/loyalty-card-tracker/?id=YSLC768
YSLC769,YSLC769.png,https://yolkshire-golden-yolk-qr.netlify.app/YSLC769.png,https://yolkshire-pune.github.io/loyalty-card-tracker/?id=YSLC769
YSLC770,YSLC770.png,https://yolkshire-golden-yolk-qr.netlify.app/YSLC770.png,https://yolkshire-pune.github.io/loyalty-card-tracker/?id=YSLC770
YSLC771,YSLC771.png,https://yolkshire-golden-yolk-qr.netlify.app/YSLC771.png,https://yolkshire-pune.github.io/loyalty-card-tracker/?id=YSLC771
YSLC772,YSLC772.png,https://yolkshire-golden-yolk-qr.netlify.app/YSLC772.png,https://yolkshire-pune.github.io/loyalty-card-tracker/?id=YSLC772
YSLC773,YSLC773.png,https://yolkshire-golden-yolk-qr.netlify.app/YSLC773.png,https://yolkshire-pune.github.io/loyalty-card-tracker/?id=YSLC773
YSLC774,YSLC774.png,https://yolkshire-golden-yolk-qr.netlify.app/YSLC774.png,https://yolkshire-pune.github.io/loyalty-card-tracker/?id=YSLC774
YSLC775,YSLC775.png,https://yolkshire-golden-yolk-qr.netlify.app/YSLC775.png,https://yolkshire-pune.github.io/loyalty-card-tracker/?id=YSLC775
YSLC776,YSLC776.png,https://yolkshire-golden-yolk-qr.netlify.app/YSLC776.png,https://yolkshire-pune.github.io/loyalty-card-tracker/?id=YSLC776
YSLC777,YSLC777.png,https://yolkshire-golden-yolk-qr.netlify.app/YSLC777.png,https://yolkshire-pune.github.io/loyalty-card-tracker/?id=YSLC777
YSLC778,YSLC778.png,https://yolkshire-golden-yolk-qr.netlify.app/YSLC778.png,https://yolkshire-pune.github.io/loyalty-card-tracker/?id=YSLC778
YSLC779,YSLC779.png,https://yolkshire-golden-yolk-qr.netlify.app/YSLC779.png,https://yolkshire-pune.github.io/loyalty-card-tracker/?id=YSLC779
YSLC780,YSLC780.png,https://yolkshire-golden-yolk-qr.netlify.app/YSLC780.png,https://yolkshire-pune.github.io/loyalty-card-tracker/?id=YSLC780
YSLC781,YSLC781.png,https://yolkshire-golden-yolk-qr.netlify.app/YSLC781.png,https://yolkshire-pune.github.io/loyalty-card-tracker/?id=YSLC781
YSLC782,YSLC782.png,https://yolkshire-golden-yolk-qr.netlify.app/YSLC782.png,https://yolkshire-pune.github.io/loyalty-card-tracker/?id=YSLC782
YSLC783,YSLC783.png,https://yolkshire-golden-yolk-qr.netlify.app/YSLC783.png,https://yolkshire-pune.github.io/loyalty-card-tracker/?id=YSLC783
YSLC784,YSLC784.png,https://yolkshire-golden-yolk-qr.netlify.app/YSLC784.png,https://yolkshire-pune.github.io/loyalty-card-tracker/?id=YSLC784
YSLC785,YSLC785.png,https://yolkshire-golden-yolk-qr.netlify.app/YSLC785.png,https://yolkshire-pune.github.io/loyalty-card-tracker/?id=YSLC785
YSLC786,YSLC786.png,https://yolkshire-golden-yolk-qr.netlify.app/YSLC786.png,https://yolkshire-pune.github.io/loyalty-card-tracker/?id=YSLC786
YSLC787,YSLC787.png,https://yolkshire-golden-yolk-qr.netlify.app/YSLC787.png,https://yolkshire-pune.github.io/loyalty-card-tracker/?id=YSLC787
YSLC788,YSLC788.png,https://yolkshire-golden-yolk-qr.netlify.app/YSLC788.png,https://yolkshire-pune.github.io/loyalty-card-tracker/?id=YSLC788
YSLC789,YSLC789.png,https://yolkshire-golden-yolk-qr.netlify.app/YSLC789.png,https://yolkshire-pune.github.io/loyalty-card-tracker/?id=YSLC789
YSLC790,YSLC790.png,https://yolkshire-golden-yolk-qr.netlify.app/YSLC790.png,https://yolkshire-pune.github.io/loyalty-card-tracker/?id=YSLC790
YSLC791,YSLC791.png,https://yolkshire-golden-yolk-qr.netlify.app/YSLC791.png,https://yolkshire-pune.github.io/loyalty-card-tracker/?id=YSLC791
YSLC792,YSLC792.png,https://yolkshire-golden-yolk-qr.netlify.app/YSLC792.png,https://yolkshire-pune.github.io/loyalty-card-tracker/?id=YSLC792
YSLC793,YSLC793.png,https://yolkshire-golden-yolk-qr.netlify.app/YSLC793.png,https://yolkshire-pune.github.io/loyalty-card-tracker/?id=YSLC793
YSLC794,YSLC794.png,https://yolkshire-golden-yolk-qr.netlify.app/YSLC794.png,https://yolkshire-pune.github.io/loyalty-card-tracker/?id=YSLC794
YSLC795,YSLC795.png,https://yolkshire-golden-yolk-qr.netlify.app/YSLC795.png,https://yolkshire-pune.github.io/loyalty-card-tracker/?id=YSLC795
YSLC796,YSLC796.png,https://yolkshire-golden-yolk-qr.netlify.app/YSLC796.png,https://yolkshire-pune.github.io/loyalty-card-tracker/?id=YSLC796
YSLC797,YSLC797.png,https://yolkshire-golden-yolk-qr.netlify.app/YSLC797.png,https://yolkshire-pune.github.io/loyalty-card-tracker/?id=YSLC797
YSLC798,YSLC798.png,https://yolkshire-golden-yolk-qr.netlify.app/YSLC798.png,https://yolkshire-pune.github.io/loyalty-card-tracker/?id=YSLC798
YSLC799,YSLC799.png,https://yolkshire-golden-yolk-qr.netlify.app/YSLC799.png,https://yolkshire-pune.github.io/loyalty-card-tracker/?id=YSLC799
YSLC800,YSLC800.png,https://yolkshire-golden-yolk-qr.netlify.app/YSLC800.png,https://yolkshire-pune.github.io/loyalty-card-tracker/?id=YSLC800
YSLC801,YSLC801.png,https://yolkshire-golden-yolk-qr.netlify.app/YSLC801.png,https://yolkshire-pune.github.io/loyalty-card-tracker/?id=YSLC801
YSLC802,YSLC802.png,https://yolkshire-golden-yolk-qr.netlify.app/YSLC802.png,https://yolkshire-pune.github.io/loyalty-card-tracker/?id=YSLC802
YSLC803,YSLC803.png,https://yolkshire-golden-yolk-qr.netlify.app/YSLC803.png,https://yolkshire-pune.github.io/loyalty-card-tracker/?id=YSLC803
YSLC804,YSLC804.png,https://yolkshire-golden-yolk-qr.netlify.app/YSLC804.png,https://yolkshire-pune.github.io/loyalty-card-tracker/?id=YSLC804
YSLC805,YSLC805.png,https://yolkshire-golden-yolk-qr.netlify.app/YSLC805.png,https://yolkshire-pune.github.io/loyalty-card-tracker/?id=YSLC805
YSLC806,YSLC806.png,https://yolkshire-golden-yolk-qr.netlify.app/YSLC806.png,https://yolkshire-pune.github.io/loyalty-card-tracker/?id=YSLC806
YSLC807,YSLC807.png,https://yolkshire-golden-yolk-qr.netlify.app/YSLC807.png,https://yolkshire-pune.github.io/loyalty-card-tracker/?id=YSLC807
YSLC808,YSLC808.png,https://yolkshire-golden-yolk-qr.netlify.app/YSLC808.png,https://yolkshire-pune.github.io/loyalty-card-tracker/?id=YSLC808
YSLC809,YSLC809.png,https://yolkshire-golden-yolk-qr.netlify.app/YSLC809.png,https://yolkshire-pune.github.io/loyalty-card-tracker/?id=YSLC809
YSLC810,YSLC810.png,https://yolkshire-golden-yolk-qr.netlify.app/YSLC810.png,https://yolkshire-pune.github.io/loyalty-card-tracker/?id=YSLC810
YSLC811,YSLC811.png,https://yolkshire-golden-yolk-qr.netlify.app/YSLC811.png,https://yolkshire-pune.github.io/loyalty-card-tracker/?id=YSLC811
YSLC812,YSLC812.png,https://yolkshire-golden-yolk-qr.netlify.app/YSLC812.png,https://yolkshire-pune.github.io/loyalty-card-tracker/?id=YSLC812
YSLC813,YSLC813.png,https://yolkshire-golden-yolk-qr.netlify.app/YSLC813.png,https://yolkshire-pune.github.io/loyalty-card-tracker/?id=YSLC813
YSLC814,YSLC814.png,https://yolkshire-golden-yolk-qr.netlify.app/YSLC814.png,https://yolkshire-pune.github.io/loyalty-card-tracker/?id=YSLC814
YSLC815,YSLC815.png,https://yolkshire-golden-yolk-qr.netlify.app/YSLC815.png,https://yolkshire-pune.github.io/loyalty-card-tracker/?id=YSLC815
YSLC816,YSLC816.png,https://yolkshire-golden-yolk-qr.netlify.app/YSLC816.png,https://yolkshire-pune.github.io/loyalty-card-tracker/?id=YSLC816
YSLC817,YSLC817.png,https://yolkshire-golden-yolk-qr.netlify.app/YSLC817.png,https://yolkshire-pune.github.io/loyalty-card-tracker/?id=YSLC817
YSLC818,YSLC818.png,https://yolkshire-golden-yolk-qr.netlify.app/YSLC818.png,https://yolkshire-pune.github.io/loyalty-card-tracker/?id=YSLC818
YSLC819,YSLC819.png,https://yolkshire-golden-yolk-qr.netlify.app/YSLC819.png,https://yolkshire-pune.github.io/loyalty-card-tracker/?id=YSLC819
YSLC820,YSLC820.png,https://yolkshire-golden-yolk-qr.netlify.app/YSLC820.png,https://yolkshire-pune.github.io/loyalty-card-tracker/?id=YSLC820
YSLC821,YSLC821.png,https://yolkshire-golden-yolk-qr.netlify.app/YSLC821.png,https://yolkshire-pune.github.io/loyalty-card-tracker/?id=YSLC821
YSLC822,YSLC822.png,https://yolkshire-golden-yolk-qr.netlify.app/YSLC822.png,https://yolkshire-pune.github.io/loyalty-card-tracker/?id=YSLC822
YSLC823,YSLC823.png,https://yolkshire-golden-yolk-qr.netlify.app/YSLC823.png,https://yolkshire-pune.github.io/loyalty-card-tracker/?id=YSLC823
YSLC824,YSLC824.png,https://yolkshire-golden-yolk-qr.netlify.app/YSLC824.png,https://yolkshire-pune.github.io/loyalty-card-tracker/?id=YSLC824
YSLC825,YSLC825.png,https://yolkshire-golden-yolk-qr.netlify.app/YSLC825.png,https://yolkshire-pune.github.io/loyalty-card-tracker/?id=YSLC825
YSLC826,YSLC826.png,https://yolkshire-golden-yolk-qr.netlify.app/YSLC826.png,https://yolkshire-pune.github.io/loyalty-card-tracker/?id=YSLC826
YSLC827,YSLC827.png,https://yolkshire-golden-yolk-qr.netlify.app/YSLC827.png,https://yolkshire-pune.github.io/loyalty-card-tracker/?id=YSLC827
YSLC828,YSLC828.png,https://yolkshire-golden-yolk-qr.netlify.app/YSLC828.png,https://yolkshire-pune.github.io/loyalty-card-tracker/?id=YSLC828
YSLC829,YSLC829.png,https://yolkshire-golden-yolk-qr.netlify.app/YSLC829.png,https://yolkshire-pune.github.io/loyalty-card-tracker/?id=YSLC829
YSLC830,YSLC830.png,https://yolkshire-golden-yolk-qr.netlify.app/YSLC830.png,https://yolkshire-pune.github.io/loyalty-card-tracker/?id=YSLC830
YSLC831,YSLC831.png,https://yolkshire-golden-yolk-qr.netlify.app/YSLC831.png,https://yolkshire-pune.github.io/loyalty-card-tracker/?id=YSLC831
YSLC832,YSLC832.png,https://yolkshire-golden-yolk-qr.netlify.app/YSLC832.png,https://yolkshire-pune.github.io/loyalty-card-tracker/?id=YSLC832
YSLC833,YSLC833.png,https://yolkshire-golden-yolk-qr.netlify.app/YSLC833.png,https://yolkshire-pune.github.io/loyalty-card-tracker/?id=YSLC833
YSLC834,YSLC834.png,https://yolkshire-golden-yolk-qr.netlify.app/YSLC834.png,https://yolkshire-pune.github.io/loyalty-card-tracker/?id=YSLC834
YSLC835,YSLC835.png,https://yolkshire-golden-yolk-qr.netlify.app/YSLC835.png,https://yolkshire-pune.github.io/loyalty-card-tracker/?id=YSLC835
YSLC836,YSLC836.png,https://yolkshire-golden-yolk-qr.netlify.app/YSLC836.png,https://yolkshire-pune.github.io/loyalty-card-tracker/?id=YSLC836
YSLC837,YSLC837.png,https://yolkshire-golden-yolk-qr.netlify.app/YSLC837.png,https://yolkshire-pune.github.io/loyalty-card-tracker/?id=YSLC837
YSLC838,YSLC838.png,https://yolkshire-golden-yolk-qr.netlify.app/YSLC838.png,https://yolkshire-pune.github.io/loyalty-card-tracker/?id=YSLC838
YSLC839,YSLC839.png,https://yolkshire-golden-yolk-qr.netlify.app/YSLC839.png,https://yolkshire-pune.github.io/loyalty-card-tracker/?id=YSLC839
YSLC840,YSLC840.png,https://yolkshire-golden-yolk-qr.netlify.app/YSLC840.png,https://yolkshire-pune.github.io/loyalty-card-tracker/?id=YSLC840
YSLC841,YSLC841.png,https://yolkshire-golden-yolk-qr.netlify.app/YSLC841.png,https://yolkshire-pune.github.io/loyalty-card-tracker/?id=YSLC841
YSLC842,YSLC842.png,https://yolkshire-golden-yolk-qr.netlify.app/YSLC842.png,https://yolkshire-pune.github.io/loyalty-card-tracker/?id=YSLC842
YSLC843,YSLC843.png,https://yolkshire-golden-yolk-qr.netlify.app/YSLC843.png,https://yolkshire-pune.github.io/loyalty-card-tracker/?id=YSLC843
YSLC844,YSLC844.png,https://yolkshire-golden-yolk-qr.netlify.app/YSLC844.png,https://yolkshire-pune.github.io/loyalty-card-tracker/?id=YSLC844
YSLC845,YSLC845.png,https://yolkshire-golden-yolk-qr.netlify.app/YSLC845.png,https://yolkshire-pune.github.io/loyalty-card-tracker/?id=YSLC845
YSLC846,YSLC846.png,https://yolkshire-golden-yolk-qr.netlify.app/YSLC846.png,https://yolkshire-pune.github.io/loyalty-card-tracker/?id=YSLC846
YSLC847,YSLC847.png,https://yolkshire-golden-yolk-qr.netlify.app/YSLC847.png,https://yolkshire-pune.github.io/loyalty-card-tracker/?id=YSLC847
YSLC848,YSLC848.png,https://yolkshire-golden-yolk-qr.netlify.app/YSLC848.png,https://yolkshire-pune.github.io/loyalty-card-tracker/?id=YSLC848
YSLC849,YSLC849.png,https://yolkshire-golden-yolk-qr.netlify.app/YSLC849.png,https://yolkshire-pune.github.io/loyalty-card-tracker/?id=YSLC849
YSLC850,YSLC850.png,https://yolkshire-golden-yolk-qr.netlify.app/YSLC850.png,https://yolkshire-pune.github.io/loyalty-card-tracker/?id=YSLC850
YSLC851,YSLC851.png,https://yolkshire-golden-yolk-qr.netlify.app/YSLC851.png,https://yolkshire-pune.github.io/loyalty-card-tracker/?id=YSLC851
YSLC852,YSLC852.png,https://yolkshire-golden-yolk-qr.netlify.app/YSLC852.png,https://yolkshire-pune.github.io/loyalty-card-tracker/?id=YSLC852
YSLC853,YSLC853.png,https://yolkshire-golden-yolk-qr.netlify.app/YSLC853.png,https://yolkshire-pune.github.io/loyalty-card-tracker/?id=YSLC853
YSLC854,YSLC854.png,https://yolkshire-golden-yolk-qr.netlify.app/YSLC854.png,https://yolkshire-pune.github.io/loyalty-card-tracker/?id=YSLC854
YSLC855,YSLC855.png,https://yolkshire-golden-yolk-qr.netlify.app/YSLC855.png,https://yolkshire-pune.github.io/loyalty-card-tracker/?id=YSLC855
YSLC856,YSLC856.png,https://yolkshire-golden-yolk-qr.netlify.app/YSLC856.png,https://yolkshire-pune.github.io/loyalty-card-tracker/?id=YSLC856
YSLC857,YSLC857.png,https://yolkshire-golden-yolk-qr.netlify.app/YSLC857.png,https://yolkshire-pune.github.io/loyalty-card-tracker/?id=YSLC857
YSLC858,YSLC858.png,https://yolkshire-golden-yolk-qr.netlify.app/YSLC858.png,https://yolkshire-pune.github.io/loyalty-card-tracker/?id=YSLC858
YSLC859,YSLC859.png,https://yolkshire-golden-yolk-qr.netlify.app/YSLC859.png,https://yolkshire-pune.github.io/loyalty-card-tracker/?id=YSLC859
YSLC860,YSLC860.png,https://yolkshire-golden-yolk-qr.netlify.app/YSLC860.png,https://yolkshire-pune.github.io/loyalty-card-tracker/?id=YSLC860
YSLC861,YSLC861.png,https://yolkshire-golden-yolk-qr.netlify.app/YSLC861.png,https://yolkshire-pune.github.io/loyalty-card-tracker/?id=YSLC861
YSLC862,YSLC862.png,https://yolkshire-golden-yolk-qr.netlify.app/YSLC862.png,https://yolkshire-pune.github.io/loyalty-card-tracker/?id=YSLC862
YSLC863,YSLC863.png,https://yolkshire-golden-yolk-qr.netlify.app/YSLC863.png,https://yolkshire-pune.github.io/loyalty-card-tracker/?id=YSLC863
YSLC864,YSLC864.png,https://yolkshire-golden-yolk-qr.netlify.app/YSLC864.png,https://yolkshire-pune.github.io/loyalty-card-tracker/?id=YSLC864
YSLC865,YSLC865.png,https://yolkshire-golden-yolk-qr.netlify.app/YSLC865.png,https://yolkshire-pune.github.io/loyalty-card-tracker/?id=YSLC865
YSLC866,YSLC866.png,https://yolkshire-golden-yolk-qr.netlify.app/YSLC866.png,https://yolkshire-pune.github.io/loyalty-card-tracker/?id=YSLC866
YSLC867,YSLC867.png,https://yolkshire-golden-yolk-qr.netlify.app/YSLC867.png,https://yolkshire-pune.github.io/loyalty-card-tracker/?id=YSLC867
YSLC868,YSLC868.png,https://yolkshire-golden-yolk-qr.netlify.app/YSLC868.png,https://yolkshire-pune.github.io/loyalty-card-tracker/?id=YSLC868
YSLC869,YSLC869.png,https://yolkshire-golden-yolk-qr.netlify.app/YSLC869.png,https://yolkshire-pune.github.io/loyalty-card-tracker/?id=YSLC869
YSLC870,YSLC870.png,https://yolkshire-golden-yolk-qr.netlify.app/YSLC870.png,https://yolkshire-pune.github.io/loyalty-card-tracker/?id=YSLC870
YSLC871,YSLC871.png,https://yolkshire-golden-yolk-qr.netlify.app/YSLC871.png,https://yolkshire-pune.github.io/loyalty-card-tracker/?id=YSLC871
YSLC872,YSLC872.png,https://yolkshire-golden-yolk-qr.netlify.app/YSLC872.png,https://yolkshire-pune.github.io/loyalty-card-tracker/?id=YSLC872
YSLC873,YSLC873.png,https://yolkshire-golden-yolk-qr.netlify.app/YSLC873.png,https://yolkshire-pune.github.io/loyalty-card-tracker/?id=YSLC873
YSLC874,YSLC874.png,https://yolkshire-golden-yolk-qr.netlify.app/YSLC874.png,https://yolkshire-pune.github.io/loyalty-card-tracker/?id=YSLC874
YSLC875,YSLC875.png,https://yolkshire-golden-yolk-qr.netlify.app/YSLC875.png,https://yolkshire-pune.github.io/loyalty-card-tracker/?id=YSLC875
YSLC876,YSLC876.png,https://yolkshire-golden-yolk-qr.netlify.app/YSLC876.png,https://yolkshire-pune.github.io/loyalty-card-tracker/?id=YSLC876
YSLC877,YSLC877.png,https://yolkshire-golden-yolk-qr.netlify.app/YSLC877.png,https://yolkshire-pune.github.io/loyalty-card-tracker/?id=YSLC877
YSLC878,YSLC878.png,https://yolkshire-golden-yolk-qr.netlify.app/YSLC878.png,https://yolkshire-pune.github.io/loyalty-card-tracker/?id=YSLC878
YSLC879,YSLC879.png,https://yolkshire-golden-yolk-qr.netlify.app/YSLC879.png,https://yolkshire-pune.github.io/loyalty-card-tracker/?id=YSLC879
YSLC880,YSLC880.png,https://yolkshire-golden-yolk-qr.netlify.app/YSLC880.png,https://yolkshire-pune.github.io/loyalty-card-tracker/?id=YSLC880
YSLC881,YSLC881.png,https://yolkshire-golden-yolk-qr.netlify.app/YSLC881.png,https://yolkshire-pune.github.io/loyalty-card-tracker/?id=YSLC881
YSLC882,YSLC882.png,https://yolkshire-golden-yolk-qr.netlify.app/YSLC882.png,https://yolkshire-pune.github.io/loyalty-card-tracker/?id=YSLC882
YSLC883,YSLC883.png,https://yolkshire-golden-yolk-qr.netlify.app/YSLC883.png,https://yolkshire-pune.github.io/loyalty-card-tracker/?id=YSLC883
YSLC884,YSLC884.png,https://yolkshire-golden-yolk-qr.netlify.app/YSLC884.png,https://yolkshire-pune.github.io/loyalty-card-tracker/?id=YSLC884
YSLC885,YSLC885.png,https://yolkshire-golden-yolk-qr.netlify.app/YSLC885.png,https://yolkshire-pune.github.io/loyalty-card-tracker/?id=YSLC885
YSLC886,YSLC886.png,https://yolkshire-golden-yolk-qr.netlify.app/YSLC886.png,https://yolkshire-pune.github.io/loyalty-card-tracker/?id=YSLC886
YSLC887,YSLC887.png,https://yolkshire-golden-yolk-qr.netlify.app/YSLC887.png,https://yolkshire-pune.github.io/loyalty-card-tracker/?id=YSLC887
YSLC888,YSLC888.png,https://yolkshire-golden-yolk-qr.netlify.app/YSLC888.png,https://yolkshire-pune.github.io/loyalty-card-tracker/?id=YSLC888
YSLC889,YSLC889.png,https://yolkshire-golden-yolk-qr.netlify.app/YSLC889.png,https://yolkshire-pune.github.io/loyalty-card-tracker/?id=YSLC889
YSLC890,YSLC890.png,https://yolkshire-golden-yolk-qr.netlify.app/YSLC890.png,https://yolkshire-pune.github.io/loyalty-card-tracker/?id=YSLC890
YSLC891,YSLC891.png,https://yolkshire-golden-yolk-qr.netlify.app/YSLC891.png,https://yolkshire-pune.github.io/loyalty-card-tracker/?id=YSLC891
YSLC892,YSLC892.png,https://yolkshire-golden-yolk-qr.netlify.app/YSLC892.png,https://yolkshire-pune.github.io/loyalty-card-tracker/?id=YSLC892
YSLC893,YSLC893.png,https://yolkshire-golden-yolk-qr.netlify.app/YSLC893.png,https://yolkshire-pune.github.io/loyalty-card-tracker/?id=YSLC893
YSLC894,YSLC894.png,https://yolkshire-golden-yolk-qr.netlify.app/YSLC894.png,https://yolkshire-pune.github.io/loyalty-card-tracker/?id=YSLC894
YSLC895,YSLC895.png,https://yolkshire-golden-yolk-qr.netlify.app/YSLC895.png,https://yolkshire-pune.github.io/loyalty-card-tracker/?id=YSLC895
YSLC896,YSLC896.png,https://yolkshire-golden-yolk-qr.netlify.app/YSLC896.png,https://yolkshire-pune.github.io/loyalty-card-tracker/?id=YSLC896
YSLC897,YSLC897.png,https://yolkshire-golden-yolk-qr.netlify.app/YSLC897.png,https://yolkshire-pune.github.io/loyalty-card-tracker/?id=YSLC897
YSLC898,YSLC898.png,https://yolkshire-golden-yolk-qr.netlify.app/YSLC898.png,https://yolkshire-pune.github.io/loyalty-card-tracker/?id=YSLC898
YSLC899,YSLC899.png,https://yolkshire-golden-yolk-qr.netlify.app/YSLC899.png,https://yolkshire-pune.github.io/loyalty-card-tracker/?id=YSLC899
YSLC900,YSLC900.png,https://yolkshire-golden-yolk-qr.netlify.app/YSLC900.png,https://yolkshire-pune.github.io/loyalty-card-tracker/?id=YSLC900
