card_id,@qr_image,url
YSLC001,qrs/YSLC001.png,https://yolkshire-pune.github.io/loyalty-card-tracker/?id=YSLC001
YSLC002,qrs/YSLC002.png,https://yolkshire-pune.github.io/loyalty-card-tracker/?id=YSLC002
YSLC003,qrs/YSLC003.png,https://yolkshire-pune.github.io/loyalty-card-tracker/?id=YSLC003
YSLC004,qrs/YSLC004.png,https://yolkshire-pune.github.io/loyalty-card-tracker/?id=YSLC004
YSLC005,qrs/YSLC005.png,https://yolkshire-pune.github.io/loyalty-card-tracker/?id=YSLC005
YSLC006,qrs/YSLC006.png,https://yolkshire-pune.github.io/loyalty-card-tracker/?id=YSLC006
YSLC007,qrs/YSLC007.png,https://yolkshire-pune.github.io/loyalty-card-tracker/?id=YSLC007
YSLC008,qrs/YSLC008.png,https://yolkshire-pune.github.io/loyalty-card-tracker/?id=YSLC008
YSLC009,qrs/YSLC009.png,https://yolkshire-pune.github.io/loyalty-card-tracker/?id=YSLC009
YSLC010,qrs/YSLC010.png,https://yolkshire-pune.github.io/loyalty-card-tracker/?id=YSLC010
YSLC011,qrs/YSLC011.png,https://yolkshire-pune.github.io/loyalty-card-tracker/?id=YSLC011
YSLC012,qrs/YSLC012.png,https://yolkshire-pune.github.io/loyalty-card-tracker/?id=YSLC012
YSLC013,qrs/YSLC013.png,https://yolkshire-pune.github.io/loyalty-card-tracker/?id=YSLC013
YSLC014,qrs/YSLC014.png,https://yolkshire-pune.github.io/loyalty-card-tracker/?id=YSLC014
YSLC015,qrs/YSLC015.png,https://yolkshire-pune.github.io/loyalty-card-tracker/?id=YSLC015
YSLC016,qrs/YSLC016.png,https://yolkshire-pune.github.io/loyalty-card-tracker/?id=YSLC016
YSLC017,qrs/YSLC017.png,https://yolkshire-pune.github.io/loyalty-card-tracker/?id=YSLC017
YSLC018,qrs/YSLC018.png,https://yolkshire-pune.github.io/loyalty-card-tracker/?id=YSLC018
YSLC019,qrs/YSLC019.png,https://yolkshire-pune.github.io/loyalty-card-tracker/?id=YSLC019
YSLC020,qrs/YSLC020.png,https://yolkshire-pune.github.io/loyalty-card-tracker/?id=YSLC020
YSLC021,qrs/YSLC021.png,https://yolkshire-pune.github.io/loyalty-card-tracker/?id=YSLC021
YSLC022,qrs/YSLC022.png,https://yolkshire-pune.github.io/loyalty-card-tracker/?id=YSLC022
YSLC023,qrs/YSLC023.png,https://yolkshire-pune.github.io/loyalty-card-tracker/?id=YSLC023
YSLC024,qrs/YSLC024.png,https://yolkshire-pune.github.io/loyalty-card-tracker/?id=YSLC024
YSLC025,qrs/YSLC025.png,https://yolkshire-pune.github.io/loyalty-card-tracker/?id=YSLC025
YSLC026,qrs/YSLC026.png,https://yolkshire-pune.github.io/loyalty-card-tracker/?id=YSLC026
YSLC027,qrs/YSLC027.png,https://yolkshire-pune.github.io/loyalty-card-tracker/?id=YSLC027
YSLC028,qrs/YSLC028.png,https://yolkshire-pune.github.io/loyalty-card-tracker/?id=YSLC028
YSLC029,qrs/YSLC029.png,https://yolkshire-pune.github.io/loyalty-card-tracker/?id=YSLC029
YSLC030,qrs/YSLC030.png,https://yolkshire-pune.github.io/loyalty-card-tracker/?id=YSLC030
YSLC031,qrs/YSLC031.png,https://yolkshire-pune.github.io/loyalty-card-tracker/?id=YSLC031
YSLC032,qrs/YSLC032.png,https://yolkshire-pune.github.io/loyalty-card-tracker/?id=YSLC032
YSLC033,qrs/YSLC033.png,https://yolkshire-pune.github.io/loyalty-card-tracker/?id=YSLC033
YSLC034,qrs/YSLC034.png,https://yolkshire-pune.github.io/loyalty-card-tracker/?id=YSLC034
YSLC035,qrs/YSLC035.png,https://yolkshire-pune.github.io/loyalty-card-tracker/?id=YSLC035
YSLC036,qrs/YSLC036.png,https://yolkshire-pune.github.io/loyalty-card-tracker/?id=YSLC036
YSLC037,qrs/YSLC037.png,https://yolkshire-pune.github.io/loyalty-card-tracker/?id=YSLC037
YSLC038,qrs/YSLC038.png,https://yolkshire-pune.github.io/loyalty-card-tracker/?id=YSLC038
YSLC039,qrs/YSLC039.png,https://yolkshire-pune.github.io/loyalty-card-tracker/?id=YSLC039
YSLC040,qrs/YSLC040.png,https://yolkshire-pune.github.io/loyalty-card-tracker/?id=YSLC040
YSLC041,qrs/YSLC041.png,https://yolkshire-pune.github.io/loyalty-card-tracker/?id=YSLC041
YSLC042,qrs/YSLC042.png,https://yolkshire-pune.github.io/loyalty-card-tracker/?id=YSLC042
YSLC043,qrs/YSLC043.png,https://yolkshire-pune.github.io/loyalty-card-tracker/?id=YSLC043
YSLC044,qrs/YSLC044.png,https://yolkshire-pune.github.io/loyalty-card-tracker/?id=YSLC044
YSLC045,qrs/YSLC045.png,https://yolkshire-pune.github.io/loyalty-card-tracker/?id=YSLC045
YSLC046,qrs/YSLC046.png,https://yolkshire-pune.github.io/loyalty-card-tracker/?id=YSLC046
YSLC047,qrs/YSLC047.png,https://yolkshire-pune.github.io/loyalty-card-tracker/?id=YSLC047
YSLC048,qrs/YSLC048.png,https://yolkshire-pune.github.io/loyalty-card-tracker/?id=YSLC048
YSLC049,qrs/YSLC049.png,https://yolkshire-pune.github.io/loyalty-card-tracker/?id=YSLC049
YSLC050,qrs/YSLC050.png,https://yolkshire-pune.github.io/loyalty-card-tracker/?id=YSLC050
YSLC051,qrs/YSLC051.png,https://yolkshire-pune.github.io/loyalty-card-tracker/?id=YSLC051
YSLC052,qrs/YSLC052.png,https://yolkshire-pune.github.io/loyalty-card-tracker/?id=YSLC052
YSLC053,qrs/YSLC053.png,https://yolkshire-pune.github.io/loyalty-card-tracker/?id=YSLC053
YSLC054,qrs/YSLC054.png,https://yolkshire-pune.github.io/loyalty-card-tracker/?id=YSLC054
YSLC055,qrs/YSLC055.png,https://yolkshire-pune.github.io/loyalty-card-tracker/?id=YSLC055
YSLC056,qrs/YSLC056.png,https://yolkshire-pune.github.io/loyalty-card-tracker/?id=YSLC056
YSLC057,qrs/YSLC057.png,https://yolkshire-pune.github.io/loyalty-card-tracker/?id=YSLC057
YSLC058,qrs/YSLC058.png,https://yolkshire-pune.github.io/loyalty-card-tracker/?id=YSLC058
YSLC059,qrs/YSLC059.png,https://yolkshire-pune.github.io/loyalty-card-tracker/?id=YSLC059
YSLC060,qrs/YSLC060.png,https://yolkshire-pune.github.io/loyalty-card-tracker/?id=YSLC060
YSLC061,qrs/YSLC061.png,https://yolkshire-pune.github.io/loyalty-card-tracker/?id=YSLC061
YSLC062,qrs/YSLC062.png,https://yolkshire-pune.github.io/loyalty-card-tracker/?id=YSLC062
YSLC063,qrs/YSLC063.png,https://yolkshire-pune.github.io/loyalty-card-tracker/?id=YSLC063
YSLC064,qrs/YSLC064.png,https://yolkshire-pune.github.io/loyalty-card-tracker/?id=YSLC064
YSLC065,qrs/YSLC065.png,https://yolkshire-pune.github.io/loyalty-card-tracker/?id=YSLC065
YSLC066,qrs/YSLC066.png,https://yolkshire-pune.github.io/loyalty-card-tracker/?id=YSLC066
YSLC067,qrs/YSLC067.png,https://yolkshire-pune.github.io/loyalty-card-tracker/?id=YSLC067
YSLC068,qrs/YSLC068.png,https://yolkshire-pune.github.io/loyalty-card-tracker/?id=YSLC068
YSLC069,qrs/YSLC069.png,https://yolkshire-pune.github.io/loyalty-card-tracker/?id=YSLC069
YSLC070,qrs/YSLC070.png,https://yolkshire-pune.github.io/loyalty-card-tracker/?id=YSLC070
YSLC071,qrs/YSLC071.png,https://yolkshire-pune.github.io/loyalty-card-tracker/?id=YSLC071
YSLC072,qrs/YSLC072.png,https://yolkshire-pune.github.io/loyalty-card-tracker/?id=YSLC072
YSLC073,qrs/YSLC073.png,https://yolkshire-pune.github.io/loyalty-card-tracker/?id=YSLC073
YSLC074,qrs/YSLC074.png,https://yolkshire-pune.github.io/loyalty-card-tracker/?id=YSLC074
YSLC075,qrs/YSLC075.png,https://yolkshire-pune.github.io/loyalty-card-tracker/?id=YSLC075
YSLC076,qrs/YSLC076.png,https://yolkshire-pune.github.io/loyalty-card-tracker/?id=YSLC076
YSLC077,qrs/YSLC077.png,https://yolkshire-pune.github.io/loyalty-card-tracker/?id=YSLC077
YSLC078,qrs/YSLC078.png,https://yolkshire-pune.github.io/loyalty-card-tracker/?id=YSLC078
YSLC079,qrs/YSLC079.png,https://yolkshire-pune.github.io/loyalty-card-tracker/?id=YSLC079
YSLC080,qrs/YSLC080.png,https://yolkshire-pune.github.io/loyalty-card-tracker/?id=YSLC080
YSLC081,qrs/YSLC081.png,https://yolkshire-pune.github.io/loyalty-card-tracker/?id=YSLC081
YSLC082,qrs/YSLC082.png,https://yolkshire-pune.github.io/loyalty-card-tracker/?id=YSLC082
YSLC083,qrs/YSLC083.png,https://yolkshire-pune.github.io/loyalty-card-tracker/?id=YSLC083
YSLC084,qrs/YSLC084.png,https://yolkshire-pune.github.io/loyalty-card-tracker/?id=YSLC084
YSLC085,qrs/YSLC085.png,https://yolkshire-pune.github.io/loyalty-card-tracker/?id=YSLC085
YSLC086,qrs/YSLC086.png,https://yolkshire-pune.github.io/loyalty-card-tracker/?id=YSLC086
YSLC087,qrs/YSLC087.png,https://yolkshire-pune.github.io/loyalty-card-tracker/?id=YSLC087
YSLC088,qrs/YSLC088.png,https://yolkshire-pune.github.io/loyalty-card-tracker/?id=YSLC088
YSLC089,qrs/YSLC089.png,https://yolkshire-pune.github.io/loyalty-card-tracker/?id=YSLC089
YSLC090,qrs/YSLC090.png,https://yolkshire-pune.github.io/loyalty-card-tracker/?id=YSLC090
YSLC091,qrs/YSLC091.png,https://yolkshire-pune.github.io/loyalty-card-tracker/?id=YSLC091
YSLC092,qrs/YSLC092.png,https://yolkshire-pune.github.io/loyalty-card-tracker/?id=YSLC092
YSLC093,qrs/YSLC093.png,https://yolkshire-pune.github.io/loyalty-card-tracker/?id=YSLC093
YSLC094,qrs/YSLC094.png,https://yolkshire-pune.github.io/loyalty-card-tracker/?id=YSLC094
YSLC095,qrs/YSLC095.png,https://yolkshire-pune.github.io/loyalty-card-tracker/?id=YSLC095
YSLC096,qrs/YSLC096.png,https://yolkshire-pune.github.io/loyalty-card-tracker/?id=YSLC096
YSLC097,qrs/YSLC097.png,https://yolkshire-pune.github.io/loyalty-card-tracker/?id=YSLC097
YSLC098,qrs/YSLC098.png,https://yolkshire-pune.github.io/loyalty-card-tracker/?id=YSLC098
YSLC099,qrs/YSLC099.png,https://yolkshire-pune.github.io/loyalty-card-tracker/?id=YSLC099
YSLC100,qrs/YSLC100.png,https://yolkshire-pune.github.io/loyalty-card-tracker/?id=YSLC100
YSLC101,qrs/YSLC101.png,https://yolkshire-pune.github.io/loyalty-card-tracker/?id=YSLC101
YSLC102,qrs/YSLC102.png,https://yolkshire-pune.github.io/loyalty-card-tracker/?id=YSLC102
YSLC103,qrs/YSLC103.png,https://yolkshire-pune.github.io/loyalty-card-tracker/?id=YSLC103
YSLC104,qrs/YSLC104.png,https://yolkshire-pune.github.io/loyalty-card-tracker/?id=YSLC104
YSLC105,qrs/YSLC105.png,https://yolkshire-pune.github.io/loyalty-card-tracker/?id=YSLC105
YSLC106,qrs/YSLC106.png,https://yolkshire-pune.github.io/loyalty-card-tracker/?id=YSLC106
YSLC107,qrs/YSLC107.png,https://yolkshire-pune.github.io/loyalty-card-tracker/?id=YSLC107
YSLC108,qrs/YSLC108.png,https://yolkshire-pune.github.io/loyalty-card-tracker/?id=YSLC108
YSLC109,qrs/YSLC109.png,https://yolkshire-pune.github.io/loyalty-card-tracker/?id=YSLC109
YSLC110,qrs/YSLC110.png,https://yolkshire-pune.github.io/loyalty-card-tracker/?id=YSLC110
YSLC111,qrs/YSLC111.png,https://yolkshire-pune.github.io/loyalty-card-tracker/?id=YSLC111
YSLC112,qrs/YSLC112.png,https://yolkshire-pune.github.io/loyalty-card-tracker/?id=YSLC112
YSLC113,qrs/YSLC113.png,https://yolkshire-pune.github.io/loyalty-card-tracker/?id=YSLC113
YSLC114,qrs/YSLC114.png,https://yolkshire-pune.github.io/loyalty-card-tracker/?id=YSLC114
YSLC115,qrs/YSLC115.png,https://yolkshire-pune.github.io/loyalty-card-tracker/?id=YSLC115
YSLC116,qrs/YSLC116.png,https://yolkshire-pune.github.io/loyalty-card-tracker/?id=YSLC116
YSLC117,qrs/YSLC117.png,https://yolkshire-pune.github.io/loyalty-card-tracker/?id=YSLC117
YSLC118,qrs/YSLC118.png,https://yolkshire-pune.github.io/loyalty-card-tracker/?id=YSLC118
YSLC119,qrs/YSLC119.png,https://yolkshire-pune.github.io/loyalty-card-tracker/?id=YSLC119
YSLC120,qrs/YSLC120.png,https://yolkshire-pune.github.io/loyalty-card-tracker/?id=YSLC120
YSLC121,qrs/YSLC121.png,https://yolkshire-pune.github.io/loyalty-card-tracker/?id=YSLC121
YSLC122,qrs/YSLC122.png,https://yolkshire-pune.github.io/loyalty-card-tracker/?id=YSLC122
YSLC123,qrs/YSLC123.png,https://yolkshire-pune.github.io/loyalty-card-tracker/?id=YSLC123
YSLC124,qrs/YSLC124.png,https://yolkshire-pune.github.io/loyalty-card-tracker/?id=YSLC124
YSLC125,qrs/YSLC125.png,https://yolkshire-pune.github.io/loyalty-card-tracker/?id=YSLC125
YSLC126,qrs/YSLC126.png,https://yolkshire-pune.github.io/loyalty-card-tracker/?id=YSLC126
YSLC127,qrs/YSLC127.png,https://yolkshire-pune.github.io/loyalty-card-tracker/?id=YSLC127
YSLC128,qrs/YSLC128.png,https://yolkshire-pune.github.io/loyalty-card-tracker/?id=YSLC128
YSLC129,qrs/YSLC129.png,https://yolkshire-pune.github.io/loyalty-card-tracker/?id=YSLC129
YSLC130,qrs/YSLC130.png,https://yolkshire-pune.github.io/loyalty-card-tracker/?id=YSLC130
YSLC131,qrs/YSLC131.png,https://yolkshire-pune.github.io/loyalty-card-tracker/?id=YSLC131
YSLC132,qrs/YSLC132.png,https://yolkshire-pune.github.io/loyalty-card-tracker/?id=YSLC132
YSLC133,qrs/YSLC133.png,https://yolkshire-pune.github.io/loyalty-card-tracker/?id=YSLC133
YSLC134,qrs/YSLC134.png,https://yolkshire-pune.github.io/loyalty-card-tracker/?id=YSLC134
YSLC135,qrs/YSLC135.png,https://yolkshire-pune.github.io/loyalty-card-tracker/?id=YSLC135
YSLC136,qrs/YSLC136.png,https://yolkshire-pune.github.io/loyalty-card-tracker/?id=YSLC136
YSLC137,qrs/YSLC137.png,https://yolkshire-pune.github.io/loyalty-card-tracker/?id=YSLC137
YSLC138,qrs/YSLC138.png,https://yolkshire-pune.github.io/loyalty-card-tracker/?id=YSLC138
YSLC139,qrs/YSLC139.png,https://yolkshire-pune.github.io/loyalty-card-tracker/?id=YSLC139
YSLC140,qrs/YSLC140.png,https://yolkshire-pune.github.io/loyalty-card-tracker/?id=YSLC140
YSLC141,qrs/YSLC141.png,https://yolkshire-pune.github.io/loyalty-card-tracker/?id=YSLC141
YSLC142,qrs/YSLC142.png,https://yolkshire-pune.github.io/loyalty-card-tracker/?id=YSLC142
YSLC143,qrs/YSLC143.png,https://yolkshire-pune.github.io/loyalty-card-tracker/?id=YSLC143
YSLC144,qrs/YSLC144.png,https://yolkshire-pune.github.io/loyalty-card-tracker/?id=YSLC144
YSLC145,qrs/YSLC145.png,https://yolkshire-pune.github.io/loyalty-card-tracker/?id=YSLC145
YSLC146,qrs/YSLC146.png,https://yolkshire-pune.github.io/loyalty-card-tracker/?id=YSLC146
YSLC147,qrs/YSLC147.png,https://yolkshire-pune.github.io/loyalty-card-tracker/?id=YSLC147
YSLC148,qrs/YSLC148.png,https://yolkshire-pune.github.io/loyalty-card-tracker/?id=YSLC148
YSLC149,qrs/YSLC149.png,https://yolkshire-pune.github.io/loyalty-card-tracker/?id=YSLC149
YSLC150,qrs/YSLC150.png,https://yolkshire-pune.github.io/loyalty-card-tracker/?id=YSLC150
YSLC151,qrs/YSLC151.png,https://yolkshire-pune.github.io/loyalty-card-tracker/?id=YSLC151
YSLC152,qrs/YSLC152.png,https://yolkshire-pune.github.io/loyalty-card-tracker/?id=YSLC152
YSLC153,qrs/YSLC153.png,https://yolkshire-pune.github.io/loyalty-card-tracker/?id=YSLC153
YSLC154,qrs/YSLC154.png,https://yolkshire-pune.github.io/loyalty-card-tracker/?id=YSLC154
YSLC155,qrs/YSLC155.png,https://yolkshire-pune.github.io/loyalty-card-tracker/?id=YSLC155
YSLC156,qrs/YSLC156.png,https://yolkshire-pune.github.io/loyalty-card-tracker/?id=YSLC156
YSLC157,qrs/YSLC157.png,https://yolkshire-pune.github.io/loyalty-card-tracker/?id=YSLC157
YSLC158,qrs/YSLC158.png,https://yolkshire-pune.github.io/loyalty-card-tracker/?id=YSLC158
YSLC159,qrs/YSLC159.png,https://yolkshire-pune.github.io/loyalty-card-tracker/?id=YSLC159
YSLC160,qrs/YSLC160.png,https://yolkshire-pune.github.io/loyalty-card-tracker/?id=YSLC160
YSLC161,qrs/YSLC161.png,https://yolkshire-pune.github.io/loyalty-card-tracker/?id=YSLC161
YSLC162,qrs/YSLC162.png,https://yolkshire-pune.github.io/loyalty-card-tracker/?id=YSLC162
YSLC163,qrs/YSLC163.png,https://yolkshire-pune.github.io/loyalty-card-tracker/?id=YSLC163
YSLC164,qrs/YSLC164.png,https://yolkshire-pune.github.io/loyalty-card-tracker/?id=YSLC164
YSLC165,qrs/YSLC165.png,https://yolkshire-pune.github.io/loyalty-card-tracker/?id=YSLC165
YSLC166,qrs/YSLC166.png,https://yolkshire-pune.github.io/loyalty-card-tracker/?id=YSLC166
YSLC167,qrs/YSLC167.png,https://yolkshire-pune.github.io/loyalty-card-tracker/?id=YSLC167
YSLC168,qrs/YSLC168.png,https://yolkshire-pune.github.io/loyalty-card-tracker/?id=YSLC168
YSLC169,qrs/YSLC169.png,https://yolkshire-pune.github.io/loyalty-card-tracker/?id=YSLC169
YSLC170,qrs/YSLC170.png,https://yolkshire-pune.github.io/loyalty-card-tracker/?id=YSLC170
YSLC171,qrs/YSLC171.png,https://yolkshire-pune.github.io/loyalty-card-tracker/?id=YSLC171
YSLC172,qrs/YSLC172.png,https://yolkshire-pune.github.io/loyalty-card-tracker/?id=YSLC172
YSLC173,qrs/YSLC173.png,https://yolkshire-pune.github.io/loyalty-card-tracker/?id=YSLC173
YSLC174,qrs/YSLC174.png,https://yolkshire-pune.github.io/loyalty-card-tracker/?id=YSLC174
YSLC175,qrs/YSLC175.png,https://yolkshire-pune.github.io/loyalty-card-tracker/?id=YSLC175
YSLC176,qrs/YSLC176.png,https://yolkshire-pune.github.io/loyalty-card-tracker/?id=YSLC176
YSLC177,qrs/YSLC177.png,https://yolkshire-pune.github.io/loyalty-card-tracker/?id=YSLC177
YSLC178,qrs/YSLC178.png,https://yolkshire-pune.github.io/loyalty-card-tracker/?id=YSLC178
YSLC179,qrs/YSLC179.png,https://yolkshire-pune.github.io/loyalty-card-tracker/?id=YSLC179
YSLC180,qrs/YSLC180.png,https://yolkshire-pune.github.io/loyalty-card-tracker/?id=YSLC180
YSLC181,qrs/YSLC181.png,https://yolkshire-pune.github.io/loyalty-card-tracker/?id=YSLC181
YSLC182,qrs/YSLC182.png,https://yolkshire-pune.github.io/loyalty-card-tracker/?id=YSLC182
YSLC183,qrs/YSLC183.png,https://yolkshire-pune.github.io/loyalty-card-tracker/?id=YSLC183
YSLC184,qrs/YSLC184.png,https://yolkshire-pune.github.io/loyalty-card-tracker/?id=YSLC184
YSLC185,qrs/YSLC185.png,https://yolkshire-pune.github.io/loyalty-card-tracker/?id=YSLC185
YSLC186,qrs/YSLC186.png,https://yolkshire-pune.github.io/loyalty-card-tracker/?id=YSLC186
YSLC187,qrs/YSLC187.png,https://yolkshire-pune.github.io/loyalty-card-tracker/?id=YSLC187
YSLC188,qrs/YSLC188.png,https://yolkshire-pune.github.io/loyalty-card-tracker/?id=YSLC188
YSLC189,qrs/YSLC189.png,https://yolkshire-pune.github.io/loyalty-card-tracker/?id=YSLC189
YSLC190,qrs/YSLC190.png,https://yolkshire-pune.github.io/loyalty-card-tracker/?id=YSLC190
YSLC191,qrs/YSLC191.png,https://yolkshire-pune.github.io/loyalty-card-tracker/?id=YSLC191
YSLC192,qrs/YSLC192.png,https://yolkshire-pune.github.io/loyalty-card-tracker/?id=YSLC192
YSLC193,qrs/YSLC193.png,https://yolkshire-pune.github.io/loyalty-card-tracker/?id=YSLC193
YSLC194,qrs/YSLC194.png,https://yolkshire-pune.github.io/loyalty-card-tracker/?id=YSLC194
YSLC195,qrs/YSLC195.png,https://yolkshire-pune.github.io/loyalty-card-tracker/?id=YSLC195
YSLC196,qrs/YSLC196.png,https://yolkshire-pune.github.io/loyalty-card-tracker/?id=YSLC196
YSLC197,qrs/YSLC197.png,https://yolkshire-pune.github.io/loyalty-card-tracker/?id=YSLC197
YSLC198,qrs/YSLC198.png,https://yolkshire-pune.github.io/loyalty-card-tracker/?id=YSLC198
YSLC199,qrs/YSLC199.png,https://yolkshire-pune.github.io/loyalty-card-tracker/?id=YSLC199
YSLC200,qrs/YSLC200.png,https://yolkshire-pune.github.io/loyalty-card-tracker/?id=YSLC200
YSLC201,qrs/YSLC201.png,https://yolkshire-pune.github.io/loyalty-card-tracker/?id=YSLC201
YSLC202,qrs/YSLC202.png,https://yolkshire-pune.github.io/loyalty-card-tracker/?id=YSLC202
YSLC203,qrs/YSLC203.png,https://yolkshire-pune.github.io/loyalty-card-tracker/?id=YSLC203
YSLC204,qrs/YSLC204.png,https://yolkshire-pune.github.io/loyalty-card-tracker/?id=YSLC204
YSLC205,qrs/YSLC205.png,https://yolkshire-pune.github.io/loyalty-card-tracker/?id=YSLC205
YSLC206,qrs/YSLC206.png,https://yolkshire-pune.github.io/loyalty-card-tracker/?id=YSLC206
YSLC207,qrs/YSLC207.png,https://yolkshire-pune.github.io/loyalty-card-tracker/?id=YSLC207
YSLC208,qrs/YSLC208.png,https://yolkshire-pune.github.io/loyalty-card-tracker/?id=YSLC208
YSLC209,qrs/YSLC209.png,https://yolkshire-pune.github.io/loyalty-card-tracker/?id=YSLC209
YSLC210,qrs/YSLC210.png,https://yolkshire-pune.github.io/loyalty-card-tracker/?id=YSLC210
YSLC211,qrs/YSLC211.png,https://yolkshire-pune.github.io/loyalty-card-tracker/?id=YSLC211
YSLC212,qrs/YSLC212.png,https://yolkshire-pune.github.io/loyalty-card-tracker/?id=YSLC212
YSLC213,qrs/YSLC213.png,https://yolkshire-pune.github.io/loyalty-card-tracker/?id=YSLC213
YSLC214,qrs/YSLC214.png,https://yolkshire-pune.github.io/loyalty-card-tracker/?id=YSLC214
YSLC215,qrs/YSLC215.png,https://yolkshire-pune.github.io/loyalty-card-tracker/?id=YSLC215
YSLC216,qrs/YSLC216.png,https://yolkshire-pune.github.io/loyalty-card-tracker/?id=YSLC216
YSLC217,qrs/YSLC217.png,https://yolkshire-pune.github.io/loyalty-card-tracker/?id=YSLC217
YSLC218,qrs/YSLC218.png,https://yolkshire-pune.github.io/loyalty-card-tracker/?id=YSLC218
YSLC219,qrs/YSLC219.png,https://yolkshire-pune.github.io/loyalty-card-tracker/?id=YSLC219
YSLC220,qrs/YSLC220.png,https://yolkshire-pune.github.io/loyalty-card-tracker/?id=YSLC220
YSLC221,qrs/YSLC221.png,https://yolkshire-pune.github.io/loyalty-card-tracker/?id=YSLC221
YSLC222,qrs/YSLC222.png,https://yolkshire-pune.github.io/loyalty-card-tracker/?id=YSLC222
YSLC223,qrs/YSLC223.png,https://yolkshire-pune.github.io/loyalty-card-tracker/?id=YSLC223
YSLC224,qrs/YSLC224.png,https://yolkshire-pune.github.io/loyalty-card-tracker/?id=YSLC224
YSLC225,qrs/YSLC225.png,https://yolkshire-pune.github.io/loyalty-card-tracker/?id=YSLC225
YSLC226,qrs/YSLC226.png,https://yolkshire-pune.github.io/loyalty-card-tracker/?id=YSLC226
YSLC227,qrs/YSLC227.png,https://yolkshire-pune.github.io/loyalty-card-tracker/?id=YSLC227
YSLC228,qrs/YSLC228.png,https://yolkshire-pune.github.io/loyalty-card-tracker/?id=YSLC228
YSLC229,qrs/YSLC229.png,https://yolkshire-pune.github.io/loyalty-card-tracker/?id=YSLC229
YSLC230,qrs/YSLC230.png,https://yolkshire-pune.github.io/loyalty-card-tracker/?id=YSLC230
YSLC231,qrs/YSLC231.png,https://yolkshire-pune.github.io/loyalty-card-tracker/?id=YSLC231
YSLC232,qrs/YSLC232.png,https://yolkshire-pune.github.io/loyalty-card-tracker/?id=YSLC232
YSLC233,qrs/YSLC233.png,https://yolkshire-pune.github.io/loyalty-card-tracker/?id=YSLC233
YSLC234,qrs/YSLC234.png,https://yolkshire-pune.github.io/loyalty-card-tracker/?id=YSLC234
YSLC235,qrs/YSLC235.png,https://yolkshire-pune.github.io/loyalty-card-tracker/?id=YSLC235
YSLC236,qrs/YSLC236.png,https://yolkshire-pune.github.io/loyalty-card-tracker/?id=YSLC236
YSLC237,qrs/YSLC237.png,https://yolkshire-pune.github.io/loyalty-card-tracker/?id=YSLC237
YSLC238,qrs/YSLC238.png,https://yolkshire-pune.github.io/loyalty-card-tracker/?id=YSLC238
YSLC239,qrs/YSLC239.png,https://yolkshire-pune.github.io/loyalty-card-tracker/?id=YSLC239
YSLC240,qrs/YSLC240.png,https://yolkshire-pune.github.io/loyalty-card-tracker/?id=YSLC240
YSLC241,qrs/YSLC241.png,https://yolkshire-pune.github.io/loyalty-card-tracker/?id=YSLC241
YSLC242,qrs/YSLC242.png,https://yolkshire-pune.github.io/loyalty-card-tracker/?id=YSLC242
YSLC243,qrs/YSLC243.png,https://yolkshire-pune.github.io/loyalty-card-tracker/?id=YSLC243
YSLC244,qrs/YSLC244.png,https://yolkshire-pune.github.io/loyalty-card-tracker/?id=YSLC244
YSLC245,qrs/YSLC245.png,https://yolkshire-pune.github.io/loyalty-card-tracker/?id=YSLC245
YSLC246,qrs/YSLC246.png,https://yolkshire-pune.github.io/loyalty-card-tracker/?id=YSLC246
YSLC247,qrs/YSLC247.png,https://yolkshire-pune.github.io/loyalty-card-tracker/?id=YSLC247
YSLC248,qrs/YSLC248.png,https://yolkshire-pune.github.io/loyalty-card-tracker/?id=YSLC248
YSLC249,qrs/YSLC249.png,https://yolkshire-pune.github.io/loyalty-card-tracker/?id=YSLC249
YSLC250,qrs/YSLC250.png,https://yolkshire-pune.github.io/loyalty-card-tracker/?id=YSLC250
YSLC251,qrs/YSLC251.png,https://yolkshire-pune.github.io/loyalty-card-tracker/?id=YSLC251
YSLC252,qrs/YSLC252.png,https://yolkshire-pune.github.io/loyalty-card-tracker/?id=YSLC252
YSLC253,qrs/YSLC253.png,https://yolkshire-pune.github.io/loyalty-card-tracker/?id=YSLC253
YSLC254,qrs/YSLC254.png,https://yolkshire-pune.github.io/loyalty-card-tracker/?id=YSLC254
YSLC255,qrs/YSLC255.png,https://yolkshire-pune.github.io/loyalty-card-tracker/?id=YSLC255
YSLC256,qrs/YSLC256.png,https://yolkshire-pune.github.io/loyalty-card-tracker/?id=YSLC256
YSLC257,qrs/YSLC257.png,https://yolkshire-pune.github.io/loyalty-card-tracker/?id=YSLC257
YSLC258,qrs/YSLC258.png,https://yolkshire-pune.github.io/loyalty-card-tracker/?id=YSLC258
YSLC259,qrs/YSLC259.png,https://yolkshire-pune.github.io/loyalty-card-tracker/?id=YSLC259
YSLC260,qrs/YSLC260.png,https://yolkshire-pune.github.io/loyalty-card-tracker/?id=YSLC260
YSLC261,qrs/YSLC261.png,https://yolkshire-pune.github.io/loyalty-card-tracker/?id=YSLC261
YSLC262,qrs/YSLC262.png,https://yolkshire-pune.github.io/loyalty-card-tracker/?id=YSLC262
YSLC263,qrs/YSLC263.png,https://yolkshire-pune.github.io/loyalty-card-tracker/?id=YSLC263
YSLC264,qrs/YSLC264.png,https://yolkshire-pune.github.io/loyalty-card-tracker/?id=YSLC264
YSLC265,qrs/YSLC265.png,https://yolkshire-pune.github.io/loyalty-card-tracker/?id=YSLC265
YSLC266,qrs/YSLC266.png,https://yolkshire-pune.github.io/loyalty-card-tracker/?id=YSLC266
YSLC267,qrs/YSLC267.png,https://yolkshire-pune.github.io/loyalty-card-tracker/?id=YSLC267
YSLC268,qrs/YSLC268.png,https://yolkshire-pune.github.io/loyalty-card-tracker/?id=YSLC268
YSLC269,qrs/YSLC269.png,https://yolkshire-pune.github.io/loyalty-card-tracker/?id=YSLC269
YSLC270,qrs/YSLC270.png,https://yolkshire-pune.github.io/loyalty-card-tracker/?id=YSLC270
YSLC271,qrs/YSLC271.png,https://yolkshire-pune.github.io/loyalty-card-tracker/?id=YSLC271
YSLC272,qrs/YSLC272.png,https://yolkshire-pune.github.io/loyalty-card-tracker/?id=YSLC272
YSLC273,qrs/YSLC273.png,https://yolkshire-pune.github.io/loyalty-card-tracker/?id=YSLC273
YSLC274,qrs/YSLC274.png,https://yolkshire-pune.github.io/loyalty-card-tracker/?id=YSLC274
YSLC275,qrs/YSLC275.png,https://yolkshire-pune.github.io/loyalty-card-tracker/?id=YSLC275
YSLC276,qrs/YSLC276.png,https://yolkshire-pune.github.io/loyalty-card-tracker/?id=YSLC276
YSLC277,qrs/YSLC277.png,https://yolkshire-pune.github.io/loyalty-card-tracker/?id=YSLC277
YSLC278,qrs/YSLC278.png,https://yolkshire-pune.github.io/loyalty-card-tracker/?id=YSLC278
YSLC279,qrs/YSLC279.png,https://yolkshire-pune.github.io/loyalty-card-tracker/?id=YSLC279
YSLC280,qrs/YSLC280.png,https://yolkshire-pune.github.io/loyalty-card-tracker/?id=YSLC280
YSLC281,qrs/YSLC281.png,https://yolkshire-pune.github.io/loyalty-card-tracker/?id=YSLC281
YSLC282,qrs/YSLC282.png,https://yolkshire-pune.github.io/loyalty-card-tracker/?id=YSLC282
YSLC283,qrs/YSLC283.png,https://yolkshire-pune.github.io/loyalty-card-tracker/?id=YSLC283
YSLC284,qrs/YSLC284.png,https://yolkshire-pune.github.io/loyalty-card-tracker/?id=YSLC284
YSLC285,qrs/YSLC285.png,https://yolkshire-pune.github.io/loyalty-card-tracker/?id=YSLC285
YSLC286,qrs/YSLC286.png,https://yolkshire-pune.github.io/loyalty-card-tracker/?id=YSLC286
YSLC287,qrs/YSLC287.png,https://yolkshire-pune.github.io/loyalty-card-tracker/?id=YSLC287
YSLC288,qrs/YSLC288.png,https://yolkshire-pune.github.io/loyalty-card-tracker/?id=YSLC288
YSLC289,qrs/YSLC289.png,https://yolkshire-pune.github.io/loyalty-card-tracker/?id=YSLC289
YSLC290,qrs/YSLC290.png,https://yolkshire-pune.github.io/loyalty-card-tracker/?id=YSLC290
YSLC291,qrs/YSLC291.png,https://yolkshire-pune.github.io/loyalty-card-tracker/?id=YSLC291
YSLC292,qrs/YSLC292.png,https://yolkshire-pune.github.io/loyalty-card-tracker/?id=YSLC292
YSLC293,qrs/YSLC293.png,https://yolkshire-pune.github.io/loyalty-card-tracker/?id=YSLC293
YSLC294,qrs/YSLC294.png,https://yolkshire-pune.github.io/loyalty-card-tracker/?id=YSLC294
YSLC295,qrs/YSLC295.png,https://yolkshire-pune.github.io/loyalty-card-tracker/?id=YSLC295
YSLC296,qrs/YSLC296.png,https://yolkshire-pune.github.io/loyalty-card-tracker/?id=YSLC296
YSLC297,qrs/YSLC297.png,https://yolkshire-pune.github.io/loyalty-card-tracker/?id=YSLC297
YSLC298,qrs/YSLC298.png,https://yolkshire-pune.github.io/loyalty-card-tracker/?id=YSLC298
YSLC299,qrs/YSLC299.png,https://yolkshire-pune.github.io/loyalty-card-tracker/?id=YSLC299
YSLC300,qrs/YSLC300.png,https://yolkshire-pune.github.io/loyalty-card-tracker/?id=YSLC300
YSLC301,qrs/YSLC301.png,https://yolkshire-pune.github.io/loyalty-card-tracker/?id=YSLC301
YSLC302,qrs/YSLC302.png,https://yolkshire-pune.github.io/loyalty-card-tracker/?id=YSLC302
YSLC303,qrs/YSLC303.png,https://yolkshire-pune.github.io/loyalty-card-tracker/?id=YSLC303
YSLC304,qrs/YSLC304.png,https://yolkshire-pune.github.io/loyalty-card-tracker/?id=YSLC304
YSLC305,qrs/YSLC305.png,https://yolkshire-pune.github.io/loyalty-card-tracker/?id=YSLC305
YSLC306,qrs/YSLC306.png,https://yolkshire-pune.github.io/loyalty-card-tracker/?id=YSLC306
YSLC307,qrs/YSLC307.png,https://yolkshire-pune.github.io/loyalty-card-tracker/?id=YSLC307
YSLC308,qrs/YSLC308.png,https://yolkshire-pune.github.io/loyalty-card-tracker/?id=YSLC308
YSLC309,qrs/YSLC309.png,https://yolkshire-pune.github.io/loyalty-card-tracker/?id=YSLC309
YSLC310,qrs/YSLC310.png,https://yolkshire-pune.github.io/loyalty-card-tracker/?id=YSLC310
YSLC311,qrs/YSLC311.png,https://yolkshire-pune.github.io/loyalty-card-tracker/?id=YSLC311
YSLC312,qrs/YSLC312.png,https://yolkshire-pune.github.io/loyalty-card-tracker/?id=YSLC312
YSLC313,qrs/YSLC313.png,https://yolkshire-pune.github.io/loyalty-card-tracker/?id=YSLC313
YSLC314,qrs/YSLC314.png,https://yolkshire-pune.github.io/loyalty-card-tracker/?id=YSLC314
YSLC315,qrs/YSLC315.png,https://yolkshire-pune.github.io/loyalty-card-tracker/?id=YSLC315
YSLC316,qrs/YSLC316.png,https://yolkshire-pune.github.io/loyalty-card-tracker/?id=YSLC316
YSLC317,qrs/YSLC317.png,https://yolkshire-pune.github.io/loyalty-card-tracker/?id=YSLC317
YSLC318,qrs/YSLC318.png,https://yolkshire-pune.github.io/loyalty-card-tracker/?id=YSLC318
YSLC319,qrs/YSLC319.png,https://yolkshire-pune.github.io/loyalty-card-tracker/?id=YSLC319
YSLC320,qrs/YSLC320.png,https://yolkshire-pune.github.io/loyalty-card-tracker/?id=YSLC320
YSLC321,qrs/YSLC321.png,https://yolkshire-pune.github.io/loyalty-card-tracker/?id=YSLC321
YSLC322,qrs/YSLC322.png,https://yolkshire-pune.github.io/loyalty-card-tracker/?id=YSLC322
YSLC323,qrs/YSLC323.png,https://yolkshire-pune.github.io/loyalty-card-tracker/?id=YSLC323
YSLC324,qrs/YSLC324.png,https://yolkshire-pune.github.io/loyalty-card-tracker/?id=YSLC324
YSLC325,qrs/YSLC325.png,https://yolkshire-pune.github.io/loyalty-card-tracker/?id=YSLC325
YSLC326,qrs/YSLC326.png,https://yolkshire-pune.github.io/loyalty-card-tracker/?id=YSLC326
YSLC327,qrs/YSLC327.png,https://yolkshire-pune.github.io/loyalty-card-tracker/?id=YSLC327
YSLC328,qrs/YSLC328.png,https://yolkshire-pune.github.io/loyalty-card-tracker/?id=YSLC328
YSLC329,qrs/YSLC329.png,https://yolkshire-pune.github.io/loyalty-card-tracker/?id=YSLC329
YSLC330,qrs/YSLC330.png,https://yolkshire-pune.github.io/loyalty-card-tracker/?id=YSLC330
YSLC331,qrs/YSLC331.png,https://yolkshire-pune.github.io/loyalty-card-tracker/?id=YSLC331
YSLC332,qrs/YSLC332.png,https://yolkshire-pune.github.io/loyalty-card-tracker/?id=YSLC332
YSLC333,qrs/YSLC333.png,https://yolkshire-pune.github.io/loyalty-card-tracker/?id=YSLC333
YSLC334,qrs/YSLC334.png,https://yolkshire-pune.github.io/loyalty-card-tracker/?id=YSLC334
YSLC335,qrs/YSLC335.png,https://yolkshire-pune.github.io/loyalty-card-tracker/?id=YSLC335
YSLC336,qrs/YSLC336.png,https://yolkshire-pune.github.io/loyalty-card-tracker/?id=YSLC336
YSLC337,qrs/YSLC337.png,https://yolkshire-pune.github.io/loyalty-card-tracker/?id=YSLC337
YSLC338,qrs/YSLC338.png,https://yolkshire-pune.github.io/loyalty-card-tracker/?id=YSLC338
YSLC339,qrs/YSLC339.png,https://yolkshire-pune.github.io/loyalty-card-tracker/?id=YSLC339
YSLC340,qrs/YSLC340.png,https://yolkshire-pune.github.io/loyalty-card-tracker/?id=YSLC340
YSLC341,qrs/YSLC341.png,https://yolkshire-pune.github.io/loyalty-card-tracker/?id=YSLC341
YSLC342,qrs/YSLC342.png,https://yolkshire-pune.github.io/loyalty-card-tracker/?id=YSLC342
YSLC343,qrs/YSLC343.png,https://yolkshire-pune.github.io/loyalty-card-tracker/?id=YSLC343
YSLC344,qrs/YSLC344.png,https://yolkshire-pune.github.io/loyalty-card-tracker/?id=YSLC344
YSLC345,qrs/YSLC345.png,https://yolkshire-pune.github.io/loyalty-card-tracker/?id=YSLC345
YSLC346,qrs/YSLC346.png,https://yolkshire-pune.github.io/loyalty-card-tracker/?id=YSLC346
YSLC347,qrs/YSLC347.png,https://yolkshire-pune.github.io/loyalty-card-tracker/?id=YSLC347
YSLC348,qrs/YSLC348.png,https://yolkshire-pune.github.io/loyalty-card-tracker/?id=YSLC348
YSLC349,qrs/YSLC349.png,https://yolkshire-pune.github.io/loyalty-card-tracker/?id=YSLC349
YSLC350,qrs/YSLC350.png,https://yolkshire-pune.github.io/loyalty-card-tracker/?id=YSLC350
YSLC351,qrs/YSLC351.png,https://yolkshire-pune.github.io/loyalty-card-tracker/?id=YSLC351
YSLC352,qrs/YSLC352.png,https://yolkshire-pune.github.io/loyalty-card-tracker/?id=YSLC352
YSLC353,qrs/YSLC353.png,https://yolkshire-pune.github.io/loyalty-card-tracker/?id=YSLC353
YSLC354,qrs/YSLC354.png,https://yolkshire-pune.github.io/loyalty-card-tracker/?id=YSLC354
YSLC355,qrs/YSLC355.png,https://yolkshire-pune.github.io/loyalty-card-tracker/?id=YSLC355
YSLC356,qrs/YSLC356.png,https://yolkshire-pune.github.io/loyalty-card-tracker/?id=YSLC356
YSLC357,qrs/YSLC357.png,https://yolkshire-pune.github.io/loyalty-card-tracker/?id=YSLC357
YSLC358,qrs/YSLC358.png,https://yolkshire-pune.github.io/loyalty-card-tracker/?id=YSLC358
YSLC359,qrs/YSLC359.png,https://yolkshire-pune.github.io/loyalty-card-tracker/?id=YSLC359
YSLC360,qrs/YSLC360.png,https://yolkshire-pune.github.io/loyalty-card-tracker/?id=YSLC360
YSLC361,qrs/YSLC361.png,https://yolkshire-pune.github.io/loyalty-card-tracker/?id=YSLC361
YSLC362,qrs/YSLC362.png,https://yolkshire-pune.github.io/loyalty-card-tracker/?id=YSLC362
YSLC363,qrs/YSLC363.png,https://yolkshire-pune.github.io/loyalty-card-tracker/?id=YSLC363
YSLC364,qrs/YSLC364.png,https://yolkshire-pune.github.io/loyalty-card-tracker/?id=YSLC364
YSLC365,qrs/YSLC365.png,https://yolkshire-pune.github.io/loyalty-card-tracker/?id=YSLC365
YSLC366,qrs/YSLC366.png,https://yolkshire-pune.github.io/loyalty-card-tracker/?id=YSLC366
YSLC367,qrs/YSLC367.png,https://yolkshire-pune.github.io/loyalty-card-tracker/?id=YSLC367
YSLC368,qrs/YSLC368.png,https://yolkshire-pune.github.io/loyalty-card-tracker/?id=YSLC368
YSLC369,qrs/YSLC369.png,https://yolkshire-pune.github.io/loyalty-card-tracker/?id=YSLC369
YSLC370,qrs/YSLC370.png,https://yolkshire-pune.github.io/loyalty-card-tracker/?id=YSLC370
YSLC371,qrs/YSLC371.png,https://yolkshire-pune.github.io/loyalty-card-tracker/?id=YSLC371
YSLC372,qrs/YSLC372.png,https://yolkshire-pune.github.io/loyalty-card-tracker/?id=YSLC372
YSLC373,qrs/YSLC373.png,https://yolkshire-pune.github.io/loyalty-card-tracker/?id=YSLC373
YSLC374,qrs/YSLC374.png,https://yolkshire-pune.github.io/loyalty-card-tracker/?id=YSLC374
YSLC375,qrs/YSLC375.png,https://yolkshire-pune.github.io/loyalty-card-tracker/?id=YSLC375
YSLC376,qrs/YSLC376.png,https://yolkshire-pune.github.io/loyalty-card-tracker/?id=YSLC376
YSLC377,qrs/YSLC377.png,https://yolkshire-pune.github.io/loyalty-card-tracker/?id=YSLC377
YSLC378,qrs/YSLC378.png,https://yolkshire-pune.github.io/loyalty-card-tracker/?id=YSLC378
YSLC379,qrs/YSLC379.png,https://yolkshire-pune.github.io/loyalty-card-tracker/?id=YSLC379
YSLC380,qrs/YSLC380.png,https://yolkshire-pune.github.io/loyalty-card-tracker/?id=YSLC380
YSLC381,qrs/YSLC381.png,https://yolkshire-pune.github.io/loyalty-card-tracker/?id=YSLC381
YSLC382,qrs/YSLC382.png,https://yolkshire-pune.github.io/loyalty-card-tracker/?id=YSLC382
YSLC383,qrs/YSLC383.png,https://yolkshire-pune.github.io/loyalty-card-tracker/?id=YSLC383
YSLC384,qrs/YSLC384.png,https://yolkshire-pune.github.io/loyalty-card-tracker/?id=YSLC384
YSLC385,qrs/YSLC385.png,https://yolkshire-pune.github.io/loyalty-card-tracker/?id=YSLC385
YSLC386,qrs/YSLC386.png,https://yolkshire-pune.github.io/loyalty-card-tracker/?id=YSLC386
YSLC387,qrs/YSLC387.png,https://yolkshire-pune.github.io/loyalty-card-tracker/?id=YSLC387
YSLC388,qrs/YSLC388.png,https://yolkshire-pune.github.io/loyalty-card-tracker/?id=YSLC388
YSLC389,qrs/YSLC389.png,https://yolkshire-pune.github.io/loyalty-card-tracker/?id=YSLC389
YSLC390,qrs/YSLC390.png,https://yolkshire-pune.github.io/loyalty-card-tracker/?id=YSLC390
YSLC391,qrs/YSLC391.png,https://yolkshire-pune.github.io/loyalty-card-tracker/?id=YSLC391
YSLC392,qrs/YSLC392.png,https://yolkshire-pune.github.io/loyalty-card-tracker/?id=YSLC392
YSLC393,qrs/YSLC393.png,https://yolkshire-pune.github.io/loyalty-card-tracker/?id=YSLC393
YSLC394,qrs/YSLC394.png,https://yolkshire-pune.github.io/loyalty-card-tracker/?id=YSLC394
YSLC395,qrs/YSLC395.png,https://yolkshire-pune.github.io/loyalty-card-tracker/?id=YSLC395
YSLC396,qrs/YSLC396.png,https://yolkshire-pune.github.io/loyalty-card-tracker/?id=YSLC396
YSLC397,qrs/YSLC397.png,https://yolkshire-pune.github.io/loyalty-card-tracker/?id=YSLC397
YSLC398,qrs/YSLC398.png,https://yolkshire-pune.github.io/loyalty-card-tracker/?id=YSLC398
YSLC399,qrs/YSLC399.png,https://yolkshire-pune.github.io/loyalty-card-tracker/?id=YSLC399
YSLC400,qrs/YSLC400.png,https://yolkshire-pune.github.io/loyalty-card-tracker/?id=YSLC400
YSLC401,qrs/YSLC401.png,https://yolkshire-pune.github.io/loyalty-card-tracker/?id=YSLC401
YSLC402,qrs/YSLC402.png,https://yolkshire-pune.github.io/loyalty-card-tracker/?id=YSLC402
YSLC403,qrs/YSLC403.png,https://yolkshire-pune.github.io/loyalty-card-tracker/?id=YSLC403
YSLC404,qrs/YSLC404.png,https://yolkshire-pune.github.io/loyalty-card-tracker/?id=YSLC404
YSLC405,qrs/YSLC405.png,https://yolkshire-pune.github.io/loyalty-card-tracker/?id=YSLC405
YSLC406,qrs/YSLC406.png,https://yolkshire-pune.github.io/loyalty-card-tracker/?id=YSLC406
YSLC407,qrs/YSLC407.png,https://yolkshire-pune.github.io/loyalty-card-tracker/?id=YSLC407
YSLC408,qrs/YSLC408.png,https://yolkshire-pune.github.io/loyalty-card-tracker/?id=YSLC408
YSLC409,qrs/YSLC409.png,https://yolkshire-pune.github.io/loyalty-card-tracker/?id=YSLC409
YSLC410,qrs/YSLC410.png,https://yolkshire-pune.github.io/loyalty-card-tracker/?id=YSLC410
YSLC411,qrs/YSLC411.png,https://yolkshire-pune.github.io/loyalty-card-tracker/?id=YSLC411
YSLC412,qrs/YSLC412.png,https://yolkshire-pune.github.io/loyalty-card-tracker/?id=YSLC412
YSLC413,qrs/YSLC413.png,https://yolkshire-pune.github.io/loyalty-card-tracker/?id=YSLC413
YSLC414,qrs/YSLC414.png,https://yolkshire-pune.github.io/loyalty-card-tracker/?id=YSLC414
YSLC415,qrs/YSLC415.png,https://yolkshire-pune.github.io/loyalty-card-tracker/?id=YSLC415
YSLC416,qrs/YSLC416.png,https://yolkshire-pune.github.io/loyalty-card-tracker/?id=YSLC416
YSLC417,qrs/YSLC417.png,https://yolkshire-pune.github.io/loyalty-card-tracker/?id=YSLC417
YSLC418,qrs/YSLC418.png,https://yolkshire-pune.github.io/loyalty-card-tracker/?id=YSLC418
YSLC419,qrs/YSLC419.png,https://yolkshire-pune.github.io/loyalty-card-tracker/?id=YSLC419
YSLC420,qrs/YSLC420.png,https://yolkshire-pune.github.io/loyalty-card-tracker/?id=YSLC420
YSLC421,qrs/YSLC421.png,https://yolkshire-pune.github.io/loyalty-card-tracker/?id=YSLC421
YSLC422,qrs/YSLC422.png,https://yolkshire-pune.github.io/loyalty-card-tracker/?id=YSLC422
YSLC423,qrs/YSLC423.png,https://yolkshire-pune.github.io/loyalty-card-tracker/?id=YSLC423
YSLC424,qrs/YSLC424.png,https://yolkshire-pune.github.io/loyalty-card-tracker/?id=YSLC424
YSLC425,qrs/YSLC425.png,https://yolkshire-pune.github.io/loyalty-card-tracker/?id=YSLC425
YSLC426,qrs/YSLC426.png,https://yolkshire-pune.github.io/loyalty-card-tracker/?id=YSLC426
YSLC427,qrs/YSLC427.png,https://yolkshire-pune.github.io/loyalty-card-tracker/?id=YSLC427
YSLC428,qrs/YSLC428.png,https://yolkshire-pune.github.io/loyalty-card-tracker/?id=YSLC428
YSLC429,qrs/YSLC429.png,https://yolkshire-pune.github.io/loyalty-card-tracker/?id=YSLC429
YSLC430,qrs/YSLC430.png,https://yolkshire-pune.github.io/loyalty-card-tracker/?id=YSLC430
YSLC431,qrs/YSLC431.png,https://yolkshire-pune.github.io/loyalty-card-tracker/?id=YSLC431
YSLC432,qrs/YSLC432.png,https://yolkshire-pune.github.io/loyalty-card-tracker/?id=YSLC432
YSLC433,qrs/YSLC433.png,https://yolkshire-pune.github.io/loyalty-card-tracker/?id=YSLC433
YSLC434,qrs/YSLC434.png,https://yolkshire-pune.github.io/loyalty-card-tracker/?id=YSLC434
YSLC435,qrs/YSLC435.png,https://yolkshire-pune.github.io/loyalty-card-tracker/?id=YSLC435
YSLC436,qrs/YSLC436.png,https://yolkshire-pune.github.io/loyalty-card-tracker/?id=YSLC436
YSLC437,qrs/YSLC437.png,https://yolkshire-pune.github.io/loyalty-card-tracker/?id=YSLC437
YSLC438,qrs/YSLC438.png,https://yolkshire-pune.github.io/loyalty-card-tracker/?id=YSLC438
YSLC439,qrs/YSLC439.png,https://yolkshire-pune.github.io/loyalty-card-tracker/?id=YSLC439
YSLC440,qrs/YSLC440.png,https://yolkshire-pune.github.io/loyalty-card-tracker/?id=YSLC440
YSLC441,qrs/YSLC441.png,https://yolkshire-pune.github.io/loyalty-card-tracker/?id=YSLC441
YSLC442,qrs/YSLC442.png,https://yolkshire-pune.github.io/loyalty-card-tracker/?id=YSLC442
YSLC443,qrs/YSLC443.png,https://yolkshire-pune.github.io/loyalty-card-tracker/?id=YSLC443
YSLC444,qrs/YSLC444.png,https://yolkshire-pune.github.io/loyalty-card-tracker/?id=YSLC444
YSLC445,qrs/YSLC445.png,https://yolkshire-pune.github.io/loyalty-card-tracker/?id=YSLC445
YSLC446,qrs/YSLC446.png,https://yolkshire-pune.github.io/loyalty-card-tracker/?id=YSLC446
YSLC447,qrs/YSLC447.png,https://yolkshire-pune.github.io/loyalty-card-tracker/?id=YSLC447
YSLC448,qrs/YSLC448.png,https://yolkshire-pune.github.io/loyalty-card-tracker/?id=YSLC448
YSLC449,qrs/YSLC449.png,https://yolkshire-pune.github.io/loyalty-card-tracker/?id=YSLC449
YSLC450,qrs/YSLC450.png,https://yolkshire-pune.github.io/loyalty-card-tracker/?id=YSLC450
YSLC451,qrs/YSLC451.png,https://yolkshire-pune.github.io/loyalty-card-tracker/?id=YSLC451
YSLC452,qrs/YSLC452.png,https://yolkshire-pune.github.io/loyalty-card-tracker/?id=YSLC452
YSLC453,qrs/YSLC453.png,https://yolkshire-pune.github.io/loyalty-card-tracker/?id=YSLC453
YSLC454,qrs/YSLC454.png,https://yolkshire-pune.github.io/loyalty-card-tracker/?id=YSLC454
YSLC455,qrs/YSLC455.png,https://yolkshire-pune.github.io/loyalty-card-tracker/?id=YSLC455
YSLC456,qrs/YSLC456.png,https://yolkshire-pune.github.io/loyalty-card-tracker/?id=YSLC456
YSLC457,qrs/YSLC457.png,https://yolkshire-pune.github.io/loyalty-card-tracker/?id=YSLC457
YSLC458,qrs/YSLC458.png,https://yolkshire-pune.github.io/loyalty-card-tracker/?id=YSLC458
YSLC459,qrs/YSLC459.png,https://yolkshire-pune.github.io/loyalty-card-tracker/?id=YSLC459
YSLC460,qrs/YSLC460.png,https://yolkshire-pune.github.io/loyalty-card-tracker/?id=YSLC460
YSLC461,qrs/YSLC461.png,https://yolkshire-pune.github.io/loyalty-card-tracker/?id=YSLC461
YSLC462,qrs/YSLC462.png,https://yolkshire-pune.github.io/loyalty-card-tracker/?id=YSLC462
YSLC463,qrs/YSLC463.png,https://yolkshire-pune.github.io/loyalty-card-tracker/?id=YSLC463
YSLC464,qrs/YSLC464.png,https://yolkshire-pune.github.io/loyalty-card-tracker/?id=YSLC464
YSLC465,qrs/YSLC465.png,https://yolkshire-pune.github.io/loyalty-card-tracker/?id=YSLC465
YSLC466,qrs/YSLC466.png,https://yolkshire-pune.github.io/loyalty-card-tracker/?id=YSLC466
YSLC467,qrs/YSLC467.png,https://yolkshire-pune.github.io/loyalty-card-tracker/?id=YSLC467
YSLC468,qrs/YSLC468.png,https://yolkshire-pune.github.io/loyalty-card-tracker/?id=YSLC468
YSLC469,qrs/YSLC469.png,https://yolkshire-pune.github.io/loyalty-card-tracker/?id=YSLC469
YSLC470,qrs/YSLC470.png,https://yolkshire-pune.github.io/loyalty-card-tracker/?id=YSLC470
YSLC471,qrs/YSLC471.png,https://yolkshire-pune.github.io/loyalty-card-tracker/?id=YSLC471
YSLC472,qrs/YSLC472.png,https://yolkshire-pune.github.io/loyalty-card-tracker/?id=YSLC472
YSLC473,qrs/YSLC473.png,https://yolkshire-pune.github.io/loyalty-card-tracker/?id=YSLC473
YSLC474,qrs/YSLC474.png,https://yolkshire-pune.github.io/loyalty-card-tracker/?id=YSLC474
YSLC475,qrs/YSLC475.png,https://yolkshire-pune.github.io/loyalty-card-tracker/?id=YSLC475
YSLC476,qrs/YSLC476.png,https://yolkshire-pune.github.io/loyalty-card-tracker/?id=YSLC476
YSLC477,qrs/YSLC477.png,https://yolkshire-pune.github.io/loyalty-card-tracker/?id=YSLC477
YSLC478,qrs/YSLC478.png,https://yolkshire-pune.github.io/loyalty-card-tracker/?id=YSLC478
YSLC479,qrs/YSLC479.png,https://yolkshire-pune.github.io/loyalty-card-tracker/?id=YSLC479
YSLC480,qrs/YSLC480.png,https://yolkshire-pune.github.io/loyalty-card-tracker/?id=YSLC480
YSLC481,qrs/YSLC481.png,https://yolkshire-pune.github.io/loyalty-card-tracker/?id=YSLC481
YSLC482,qrs/YSLC482.png,https://yolkshire-pune.github.io/loyalty-card-tracker/?id=YSLC482
YSLC483,qrs/YSLC483.png,https://yolkshire-pune.github.io/loyalty-card-tracker/?id=YSLC483
YSLC484,qrs/YSLC484.png,https://yolkshire-pune.github.io/loyalty-card-tracker/?id=YSLC484
YSLC485,qrs/YSLC485.png,https://yolkshire-pune.github.io/loyalty-card-tracker/?id=YSLC485
YSLC486,qrs/YSLC486.png,https://yolkshire-pune.github.io/loyalty-card-tracker/?id=YSLC486
YSLC487,qrs/YSLC487.png,https://yolkshire-pune.github.io/loyalty-card-tracker/?id=YSLC487
YSLC488,qrs/YSLC488.png,https://yolkshire-pune.github.io/loyalty-card-tracker/?id=YSLC488
YSLC489,qrs/YSLC489.png,https://yolkshire-pune.github.io/loyalty-card-tracker/?id=YSLC489
YSLC490,qrs/YSLC490.png,https://yolkshire-pune.github.io/loyalty-card-tracker/?id=YSLC490
YSLC491,qrs/YSLC491.png,https://yolkshire-pune.github.io/loyalty-card-tracker/?id=YSLC491
YSLC492,qrs/YSLC492.png,https://yolkshire-pune.github.io/loyalty-card-tracker/?id=YSLC492
YSLC493,qrs/YSLC493.png,https://yolkshire-pune.github.io/loyalty-card-tracker/?id=YSLC493
YSLC494,qrs/YSLC494.png,https://yolkshire-pune.github.io/loyalty-card-tracker/?id=YSLC494
YSLC495,qrs/YSLC495.png,https://yolkshire-pune.github.io/loyalty-card-tracker/?id=YSLC495
YSLC496,qrs/YSLC496.png,https://yolkshire-pune.github.io/loyalty-card-tracker/?id=YSLC496
YSLC497,qrs/YSLC497.png,https://yolkshire-pune.github.io/loyalty-card-tracker/?id=YSLC497
YSLC498,qrs/YSLC498.png,https://yolkshire-pune.github.io/loyalty-card-tracker/?id=YSLC498
YSLC499,qrs/YSLC499.png,https://yolkshire-pune.github.io/loyalty-card-tracker/?id=YSLC499
YSLC500,qrs/YSLC500.png,https://yolkshire-pune.github.io/loyalty-card-tracker/?id=YSLC500
YSLC501,qrs/YSLC501.png,https://yolkshire-pune.github.io/loyalty-card-tracker/?id=YSLC501
YSLC502,qrs/YSLC502.png,https://yolkshire-pune.github.io/loyalty-card-tracker/?id=YSLC502
YSLC503,qrs/YSLC503.png,https://yolkshire-pune.github.io/loyalty-card-tracker/?id=YSLC503
YSLC504,qrs/YSLC504.png,https://yolkshire-pune.github.io/loyalty-card-tracker/?id=YSLC504
YSLC505,qrs/YSLC505.png,https://yolkshire-pune.github.io/loyalty-card-tracker/?id=YSLC505
YSLC506,qrs/YSLC506.png,https://yolkshire-pune.github.io/loyalty-card-tracker/?id=YSLC506
YSLC507,qrs/YSLC507.png,https://yolkshire-pune.github.io/loyalty-card-tracker/?id=YSLC507
YSLC508,qrs/YSLC508.png,https://yolkshire-pune.github.io/loyalty-card-tracker/?id=YSLC508
YSLC509,qrs/YSLC509.png,https://yolkshire-pune.github.io/loyalty-card-tracker/?id=YSLC509
YSLC510,qrs/YSLC510.png,https://yolkshire-pune.github.io/loyalty-card-tracker/?id=YSLC510
YSLC511,qrs/YSLC511.png,https://yolkshire-pune.github.io/loyalty-card-tracker/?id=YSLC511
YSLC512,qrs/YSLC512.png,https://yolkshire-pune.github.io/loyalty-card-tracker/?id=YSLC512
YSLC513,qrs/YSLC513.png,https://yolkshire-pune.github.io/loyalty-card-tracker/?id=YSLC513
YSLC514,qrs/YSLC514.png,https://yolkshire-pune.github.io/loyalty-card-tracker/?id=YSLC514
YSLC515,qrs/YSLC515.png,https://yolkshire-pune.github.io/loyalty-card-tracker/?id=YSLC515
YSLC516,qrs/YSLC516.png,https://yolkshire-pune.github.io/loyalty-card-tracker/?id=YSLC516
YSLC517,qrs/YSLC517.png,https://yolkshire-pune.github.io/loyalty-card-tracker/?id=YSLC517
YSLC518,qrs/YSLC518.png,https://yolkshire-pune.github.io/loyalty-card-tracker/?id=YSLC518
YSLC519,qrs/YSLC519.png,https://yolkshire-pune.github.io/loyalty-card-tracker/?id=YSLC519
YSLC520,qrs/YSLC520.png,https://yolkshire-pune.github.io/loyalty-card-tracker/?id=YSLC520
YSLC521,qrs/YSLC521.png,https://yolkshire-pune.github.io/loyalty-card-tracker/?id=YSLC521
YSLC522,qrs/YSLC522.png,https://yolkshire-pune.github.io/loyalty-card-tracker/?id=YSLC522
YSLC523,qrs/YSLC523.png,https://yolkshire-pune.github.io/loyalty-card-tracker/?id=YSLC523
YSLC524,qrs/YSLC524.png,https://yolkshire-pune.github.io/loyalty-card-tracker/?id=YSLC524
YSLC525,qrs/YSLC525.png,https://yolkshire-pune.github.io/loyalty-card-tracker/?id=YSLC525
YSLC526,qrs/YSLC526.png,https://yolkshire-pune.github.io/loyalty-card-tracker/?id=YSLC526
YSLC527,qrs/YSLC527.png,https://yolkshire-pune.github.io/loyalty-card-tracker/?id=YSLC527
YSLC528,qrs/YSLC528.png,https://yolkshire-pune.github.io/loyalty-card-tracker/?id=YSLC528
YSLC529,qrs/YSLC529.png,https://yolkshire-pune.github.io/loyalty-card-tracker/?id=YSLC529
YSLC530,qrs/YSLC530.png,https://yolkshire-pune.github.io/loyalty-card-tracker/?id=YSLC530
YSLC531,qrs/YSLC531.png,https://yolkshire-pune.github.io/loyalty-card-tracker/?id=YSLC531
YSLC532,qrs/YSLC532.png,https://yolkshire-pune.github.io/loyalty-card-tracker/?id=YSLC532
YSLC533,qrs/YSLC533.png,https://yolkshire-pune.github.io/loyalty-card-tracker/?id=YSLC533
YSLC534,qrs/YSLC534.png,https://yolkshire-pune.github.io/loyalty-card-tracker/?id=YSLC534
YSLC535,qrs/YSLC535.png,https://yolkshire-pune.github.io/loyalty-card-tracker/?id=YSLC535
YSLC536,qrs/YSLC536.png,https://yolkshire-pune.github.io/loyalty-card-tracker/?id=YSLC536
YSLC537,qrs/YSLC537.png,https://yolkshire-pune.github.io/loyalty-card-tracker/?id=YSLC537
YSLC538,qrs/YSLC538.png,https://yolkshire-pune.github.io/loyalty-card-tracker/?id=YSLC538
YSLC539,qrs/YSLC539.png,https://yolkshire-pune.github.io/loyalty-card-tracker/?id=YSLC539
YSLC540,qrs/YSLC540.png,https://yolkshire-pune.github.io/loyalty-card-tracker/?id=YSLC540
YSLC541,qrs/YSLC541.png,https://yolkshire-pune.github.io/loyalty-card-tracker/?id=YSLC541
YSLC542,qrs/YSLC542.png,https://yolkshire-pune.github.io/loyalty-card-tracker/?id=YSLC542
YSLC543,qrs/YSLC543.png,https://yolkshire-pune.github.io/loyalty-card-tracker/?id=YSLC543
YSLC544,qrs/YSLC544.png,https://yolkshire-pune.github.io/loyalty-card-tracker/?id=YSLC544
YSLC545,qrs/YSLC545.png,https://yolkshire-pune.github.io/loyalty-card-tracker/?id=YSLC545
YSLC546,qrs/YSLC546.png,https://yolkshire-pune.github.io/loyalty-card-tracker/?id=YSLC546
YSLC547,qrs/YSLC547.png,https://yolkshire-pune.github.io/loyalty-card-tracker/?id=YSLC547
YSLC548,qrs/YSLC548.png,https://yolkshire-pune.github.io/loyalty-card-tracker/?id=YSLC548
YSLC549,qrs/YSLC549.png,https://yolkshire-pune.github.io/loyalty-card-tracker/?id=YSLC549
YSLC550,qrs/YSLC550.png,https://yolkshire-pune.github.io/loyalty-card-tracker/?id=YSLC550
YSLC551,qrs/YSLC551.png,https://yolkshire-pune.github.io/loyalty-card-tracker/?id=YSLC551
YSLC552,qrs/YSLC552.png,https://yolkshire-pune.github.io/loyalty-card-tracker/?id=YSLC552
YSLC553,qrs/YSLC553.png,https://yolkshire-pune.github.io/loyalty-card-tracker/?id=YSLC553
YSLC554,qrs/YSLC554.png,https://yolkshire-pune.github.io/loyalty-card-tracker/?id=YSLC554
YSLC555,qrs/YSLC555.png,https://yolkshire-pune.github.io/loyalty-card-tracker/?id=YSLC555
YSLC556,qrs/YSLC556.png,https://yolkshire-pune.github.io/loyalty-card-tracker/?id=YSLC556
YSLC557,qrs/YSLC557.png,https://yolkshire-pune.github.io/loyalty-card-tracker/?id=YSLC557
YSLC558,qrs/YSLC558.png,https://yolkshire-pune.github.io/loyalty-card-tracker/?id=YSLC558
YSLC559,qrs/YSLC559.png,https://yolkshire-pune.github.io/loyalty-card-tracker/?id=YSLC559
YSLC560,qrs/YSLC560.png,https://yolkshire-pune.github.io/loyalty-card-tracker/?id=YSLC560
YSLC561,qrs/YSLC561.png,https://yolkshire-pune.github.io/loyalty-card-tracker/?id=YSLC561
YSLC562,qrs/YSLC562.png,https://yolkshire-pune.github.io/loyalty-card-tracker/?id=YSLC562
YSLC563,qrs/YSLC563.png,https://yolkshire-pune.github.io/loyalty-card-tracker/?id=YSLC563
YSLC564,qrs/YSLC564.png,https://yolkshire-pune.github.io/loyalty-card-tracker/?id=YSLC564
YSLC565,qrs/YSLC565.png,https://yolkshire-pune.github.io/loyalty-card-tracker/?id=YSLC565
YSLC566,qrs/YSLC566.png,https://yolkshire-pune.github.io/loyalty-card-tracker/?id=YSLC566
YSLC567,qrs/YSLC567.png,https://yolkshire-pune.github.io/loyalty-card-tracker/?id=YSLC567
YSLC568,qrs/YSLC568.png,https://yolkshire-pune.github.io/loyalty-card-tracker/?id=YSLC568
YSLC569,qrs/YSLC569.png,https://yolkshire-pune.github.io/loyalty-card-tracker/?id=YSLC569
YSLC570,qrs/YSLC570.png,https://yolkshire-pune.github.io/loyalty-card-tracker/?id=YSLC570
YSLC571,qrs/YSLC571.png,https://yolkshire-pune.github.io/loyalty-card-tracker/?id=YSLC571
YSLC572,qrs/YSLC572.png,https://yolkshire-pune.github.io/loyalty-card-tracker/?id=YSLC572
YSLC573,qrs/YSLC573.png,https://yolkshire-pune.github.io/loyalty-card-tracker/?id=YSLC573
YSLC574,qrs/YSLC574.png,https://yolkshire-pune.github.io/loyalty-card-tracker/?id=YSLC574
YSLC575,qrs/YSLC575.png,https://yolkshire-pune.github.io/loyalty-card-tracker/?id=YSLC575
YSLC576,qrs/YSLC576.png,https://yolkshire-pune.github.io/loyalty-card-tracker/?id=YSLC576
YSLC577,qrs/YSLC577.png,https://yolkshire-pune.github.io/loyalty-card-tracker/?id=YSLC577
YSLC578,qrs/YSLC578.png,https://yolkshire-pune.github.io/loyalty-card-tracker/?id=YSLC578
YSLC579,qrs/YSLC579.png,https://yolkshire-pune.github.io/loyalty-card-tracker/?id=YSLC579
YSLC580,qrs/YSLC580.png,https://yolkshire-pune.github.io/loyalty-card-tracker/?id=YSLC580
YSLC581,qrs/YSLC581.png,https://yolkshire-pune.github.io/loyalty-card-tracker/?id=YSLC581
YSLC582,qrs/YSLC582.png,https://yolkshire-pune.github.io/loyalty-card-tracker/?id=YSLC582
YSLC583,qrs/YSLC583.png,https://yolkshire-pune.github.io/loyalty-card-tracker/?id=YSLC583
YSLC584,qrs/YSLC584.png,https://yolkshire-pune.github.io/loyalty-card-tracker/?id=YSLC584
YSLC585,qrs/YSLC585.png,https://yolkshire-pune.github.io/loyalty-card-tracker/?id=YSLC585
YSLC586,qrs/YSLC586.png,https://yolkshire-pune.github.io/loyalty-card-tracker/?id=YSLC586
YSLC587,qrs/YSLC587.png,https://yolkshire-pune.github.io/loyalty-card-tracker/?id=YSLC587
YSLC588,qrs/YSLC588.png,https://yolkshire-pune.github.io/loyalty-card-tracker/?id=YSLC588
YSLC589,qrs/YSLC589.png,https://yolkshire-pune.github.io/loyalty-card-tracker/?id=YSLC589
YSLC590,qrs/YSLC590.png,https://yolkshire-pune.github.io/loyalty-card-tracker/?id=YSLC590
YSLC591,qrs/YSLC591.png,https://yolkshire-pune.github.io/loyalty-card-tracker/?id=YSLC591
YSLC592,qrs/YSLC592.png,https://yolkshire-pune.github.io/loyalty-card-tracker/?id=YSLC592
YSLC593,qrs/YSLC593.png,https://yolkshire-pune.github.io/loyalty-card-tracker/?id=YSLC593
YSLC594,qrs/YSLC594.png,https://yolkshire-pune.github.io/loyalty-card-tracker/?id=YSLC594
YSLC595,qrs/YSLC595.png,https://yolkshire-pune.github.io/loyalty-card-tracker/?id=YSLC595
YSLC596,qrs/YSLC596.png,https://yolkshire-pune.github.io/loyalty-card-tracker/?id=YSLC596
YSLC597,qrs/YSLC597.png,https://yolkshire-pune.github.io/loyalty-card-tracker/?id=YSLC597
YSLC598,qrs/YSLC598.png,https://yolkshire-pune.github.io/loyalty-card-tracker/?id=YSLC598
YSLC599,qrs/YSLC599.png,https://yolkshire-pune.github.io/loyalty-card-tracker/?id=YSLC599
YSLC600,qrs/YSLC600.png,https://yolkshire-pune.github.io/loyalty-card-tracker/?id=YSLC600
YSLC601,qrs/YSLC601.png,https://yolkshire-pune.github.io/loyalty-card-tracker/?id=YSLC601
YSLC602,qrs/YSLC602.png,https://yolkshire-pune.github.io/loyalty-card-tracker/?id=YSLC602
YSLC603,qrs/YSLC603.png,https://yolkshire-pune.github.io/loyalty-card-tracker/?id=YSLC603
YSLC604,qrs/YSLC604.png,https://yolkshire-pune.github.io/loyalty-card-tracker/?id=YSLC604
YSLC605,qrs/YSLC605.png,https://yolkshire-pune.github.io/loyalty-card-tracker/?id=YSLC605
YSLC606,qrs/YSLC606.png,https://yolkshire-pune.github.io/loyalty-card-tracker/?id=YSLC606
YSLC607,qrs/YSLC607.png,https://yolkshire-pune.github.io/loyalty-card-tracker/?id=YSLC607
YSLC608,qrs/YSLC608.png,https://yolkshire-pune.github.io/loyalty-card-tracker/?id=YSLC608
YSLC609,qrs/YSLC609.png,https://yolkshire-pune.github.io/loyalty-card-tracker/?id=YSLC609
YSLC610,qrs/YSLC610.png,https://yolkshire-pune.github.io/loyalty-card-tracker/?id=YSLC610
YSLC611,qrs/YSLC611.png,https://yolkshire-pune.github.io/loyalty-card-tracker/?id=YSLC611
YSLC612,qrs/YSLC612.png,https://yolkshire-pune.github.io/loyalty-card-tracker/?id=YSLC612
YSLC613,qrs/YSLC613.png,https://yolkshire-pune.github.io/loyalty-card-tracker/?id=YSLC613
YSLC614,qrs/YSLC614.png,https://yolkshire-pune.github.io/loyalty-card-tracker/?id=YSLC614
YSLC615,qrs/YSLC615.png,https://yolkshire-pune.github.io/loyalty-card-tracker/?id=YSLC615
YSLC616,qrs/YSLC616.png,https://yolkshire-pune.github.io/loyalty-card-tracker/?id=YSLC616
YSLC617,qrs/YSLC617.png,https://yolkshire-pune.github.io/loyalty-card-tracker/?id=YSLC617
YSLC618,qrs/YSLC618.png,https://yolkshire-pune.github.io/loyalty-card-tracker/?id=YSLC618
YSLC619,qrs/YSLC619.png,https://yolkshire-pune.github.io/loyalty-card-tracker/?id=YSLC619
YSLC620,qrs/YSLC620.png,https://yolkshire-pune.github.io/loyalty-card-tracker/?id=YSLC620
YSLC621,qrs/YSLC621.png,https://yolkshire-pune.github.io/loyalty-card-tracker/?id=YSLC621
YSLC622,qrs/YSLC622.png,https://yolkshire-pune.github.io/loyalty-card-tracker/?id=YSLC622
YSLC623,qrs/YSLC623.png,https://yolkshire-pune.github.io/loyalty-card-tracker/?id=YSLC623
YSLC624,qrs/YSLC624.png,https://yolkshire-pune.github.io/loyalty-card-tracker/?id=YSLC624
YSLC625,qrs/YSLC625.png,https://yolkshire-pune.github.io/loyalty-card-tracker/?id=YSLC625
YSLC626,qrs/YSLC626.png,https://yolkshire-pune.github.io/loyalty-card-tracker/?id=YSLC626
YSLC627,qrs/YSLC627.png,https://yolkshire-pune.github.io/loyalty-card-tracker/?id=YSLC627
YSLC628,qrs/YSLC628.png,https://yolkshire-pune.github.io/loyalty-card-tracker/?id=YSLC628
YSLC629,qrs/YSLC629.png,https://yolkshire-pune.github.io/loyalty-card-tracker/?id=YSLC629
YSLC630,qrs/YSLC630.png,https://yolkshire-pune.github.io/loyalty-card-tracker/?id=YSLC630
YSLC631,qrs/YSLC631.png,https://yolkshire-pune.github.io/loyalty-card-tracker/?id=YSLC631
YSLC632,qrs/YSLC632.png,https://yolkshire-pune.github.io/loyalty-card-tracker/?id=YSLC632
YSLC633,qrs/YSLC633.png,https://yolkshire-pune.github.io/loyalty-card-tracker/?id=YSLC633
YSLC634,qrs/YSLC634.png,https://yolkshire-pune.github.io/loyalty-card-tracker/?id=YSLC634
YSLC635,qrs/YSLC635.png,https://yolkshire-pune.github.io/loyalty-card-tracker/?id=YSLC635
YSLC636,qrs/YSLC636.png,https://yolkshire-pune.github.io/loyalty-card-tracker/?id=YSLC636
YSLC637,qrs/YSLC637.png,https://yolkshire-pune.github.io/loyalty-card-tracker/?id=YSLC637
YSLC638,qrs/YSLC638.png,https://yolkshire-pune.github.io/loyalty-card-tracker/?id=YSLC638
YSLC639,qrs/YSLC639.png,https://yolkshire-pune.github.io/loyalty-card-tracker/?id=YSLC639
YSLC640,qrs/YSLC640.png,https://yolkshire-pune.github.io/loyalty-card-tracker/?id=YSLC640
YSLC641,qrs/YSLC641.png,https://yolkshire-pune.github.io/loyalty-card-tracker/?id=YSLC641
YSLC642,qrs/YSLC642.png,https://yolkshire-pune.github.io/loyalty-card-tracker/?id=YSLC642
YSLC643,qrs/YSLC643.png,https://yolkshire-pune.github.io/loyalty-card-tracker/?id=YSLC643
YSLC644,qrs/YSLC644.png,https://yolkshire-pune.github.io/loyalty-card-tracker/?id=YSLC644
YSLC645,qrs/YSLC645.png,https://yolkshire-pune.github.io/loyalty-card-tracker/?id=YSLC645
YSLC646,qrs/YSLC646.png,https://yolkshire-pune.github.io/loyalty-card-tracker/?id=YSLC646
YSLC647,qrs/YSLC647.png,https://yolkshire-pune.github.io/loyalty-card-tracker/?id=YSLC647
YSLC648,qrs/YSLC648.png,https://yolkshire-pune.github.io/loyalty-card-tracker/?id=YSLC648
YSLC649,qrs/YSLC649.png,https://yolkshire-pune.github.io/loyalty-card-tracker/?id=YSLC649
YSLC650,qrs/YSLC650.png,https://yolkshire-pune.github.io/loyalty-card-tracker/?id=YSLC650
YSLC651,qrs/YSLC651.png,https://yolkshire-pune.github.io/loyalty-card-tracker/?id=YSLC651
YSLC652,qrs/YSLC652.png,https://yolkshire-pune.github.io/loyalty-card-tracker/?id=YSLC652
YSLC653,qrs/YSLC653.png,https://yolkshire-pune.github.io/loyalty-card-tracker/?id=YSLC653
YSLC654,qrs/YSLC654.png,https://yolkshire-pune.github.io/loyalty-card-tracker/?id=YSLC654
YSLC655,qrs/YSLC655.png,https://yolkshire-pune.github.io/loyalty-card-tracker/?id=YSLC655
YSLC656,qrs/YSLC656.png,https://yolkshire-pune.github.io/loyalty-card-tracker/?id=YSLC656
YSLC657,qrs/YSLC657.png,https://yolkshire-pune.github.io/loyalty-card-tracker/?id=YSLC657
YSLC658,qrs/YSLC658.png,https://yolkshire-pune.github.io/loyalty-card-tracker/?id=YSLC658
YSLC659,qrs/YSLC659.png,https://yolkshire-pune.github.io/loyalty-card-tracker/?id=YSLC659
YSLC660,qrs/YSLC660.png,https://yolkshire-pune.github.io/loyalty-card-tracker/?id=YSLC660
YSLC661,qrs/YSLC661.png,https://yolkshire-pune.github.io/loyalty-card-tracker/?id=YSLC661
YSLC662,qrs/YSLC662.png,https://yolkshire-pune.github.io/loyalty-card-tracker/?id=YSLC662
YSLC663,qrs/YSLC663.png,https://yolkshire-pune.github.io/loyalty-card-tracker/?id=YSLC663
YSLC664,qrs/YSLC664.png,https://yolkshire-pune.github.io/loyalty-card-tracker/?id=YSLC664
YSLC665,qrs/YSLC665.png,https://yolkshire-pune.github.io/loyalty-card-tracker/?id=YSLC665
YSLC666,qrs/YSLC666.png,https://yolkshire-pune.github.io/loyalty-card-tracker/?id=YSLC666
YSLC667,qrs/YSLC667.png,https://yolkshire-pune.github.io/loyalty-card-tracker/?id=YSLC667
YSLC668,qrs/YSLC668.png,https://yolkshire-pune.github.io/loyalty-card-tracker/?id=YSLC668
YSLC669,qrs/YSLC669.png,https://yolkshire-pune.github.io/loyalty-card-tracker/?id=YSLC669
YSLC670,qrs/YSLC670.png,https://yolkshire-pune.github.io/loyalty-card-tracker/?id=YSLC670
YSLC671,qrs/YSLC671.png,https://yolkshire-pune.github.io/loyalty-card-tracker/?id=YSLC671
YSLC672,qrs/YSLC672.png,https://yolkshire-pune.github.io/loyalty-card-tracker/?id=YSLC672
YSLC673,qrs/YSLC673.png,https://yolkshire-pune.github.io/loyalty-card-tracker/?id=YSLC673
YSLC674,qrs/YSLC674.png,https://yolkshire-pune.github.io/loyalty-card-tracker/?id=YSLC674
YSLC675,qrs/YSLC675.png,https://yolkshire-pune.github.io/loyalty-card-tracker/?id=YSLC675
YSLC676,qrs/YSLC676.png,https://yolkshire-pune.github.io/loyalty-card-tracker/?id=YSLC676
YSLC677,qrs/YSLC677.png,https://yolkshire-pune.github.io/loyalty-card-tracker/?id=YSLC677
YSLC678,qrs/YSLC678.png,https://yolkshire-pune.github.io/loyalty-card-tracker/?id=YSLC678
YSLC679,qrs/YSLC679.png,https://yolkshire-pune.github.io/loyalty-card-tracker/?id=YSLC679
YSLC680,qrs/YSLC680.png,https://yolkshire-pune.github.io/loyalty-card-tracker/?id=YSLC680
YSLC681,qrs/YSLC681.png,https://yolkshire-pune.github.io/loyalty-card-tracker/?id=YSLC681
YSLC682,qrs/YSLC682.png,https://yolkshire-pune.github.io/loyalty-card-tracker/?id=YSLC682
YSLC683,qrs/YSLC683.png,https://yolkshire-pune.github.io/loyalty-card-tracker/?id=YSLC683
YSLC684,qrs/YSLC684.png,https://yolkshire-pune.github.io/loyalty-card-tracker/?id=YSLC684
YSLC685,qrs/YSLC685.png,https://yolkshire-pune.github.io/loyalty-card-tracker/?id=YSLC685
YSLC686,qrs/YSLC686.png,https://yolkshire-pune.github.io/loyalty-card-tracker/?id=YSLC686
YSLC687,qrs/YSLC687.png,https://yolkshire-pune.github.io/loyalty-card-tracker/?id=YSLC687
YSLC688,qrs/YSLC688.png,https://yolkshire-pune.github.io/loyalty-card-tracker/?id=YSLC688
YSLC689,qrs/YSLC689.png,https://yolkshire-pune.github.io/loyalty-card-tracker/?id=YSLC689
YSLC690,qrs/YSLC690.png,https://yolkshire-pune.github.io/loyalty-card-tracker/?id=YSLC690
YSLC691,qrs/YSLC691.png,https://yolkshire-pune.github.io/loyalty-card-tracker/?id=YSLC691
YSLC692,qrs/YSLC692.png,https://yolkshire-pune.github.io/loyalty-card-tracker/?id=YSLC692
YSLC693,qrs/YSLC693.png,https://yolkshire-pune.github.io/loyalty-card-tracker/?id=YSLC693
YSLC694,qrs/YSLC694.png,https://yolkshire-pune.github.io/loyalty-card-tracker/?id=YSLC694
YSLC695,qrs/YSLC695.png,https://yolkshire-pune.github.io/loyalty-card-tracker/?id=YSLC695
YSLC696,qrs/YSLC696.png,https://yolkshire-pune.github.io/loyalty-card-tracker/?id=YSLC696
YSLC697,qrs/YSLC697.png,https://yolkshire-pune.github.io/loyalty-card-tracker/?id=YSLC697
YSLC698,qrs/YSLC698.png,https://yolkshire-pune.github.io/loyalty-card-tracker/?id=YSLC698
YSLC699,qrs/YSLC699.png,https://yolkshire-pune.github.io/loyalty-card-tracker/?id=YSLC699
YSLC700,qrs/YSLC700.png,https://yolkshire-pune.github.io/loyalty-card-tracker/?id=YSLC700
YSLC701,qrs/YSLC701.png,https://yolkshire-pune.github.io/loyalty-card-tracker/?id=YSLC701
YSLC702,qrs/YSLC702.png,https://yolkshire-pune.github.io/loyalty-card-tracker/?id=YSLC702
YSLC703,qrs/YSLC703.png,https://yolkshire-pune.github.io/loyalty-card-tracker/?id=YSLC703
YSLC704,qrs/YSLC704.png,https://yolkshire-pune.github.io/loyalty-card-tracker/?id=YSLC704
YSLC705,qrs/YSLC705.png,https://yolkshire-pune.github.io/loyalty-card-tracker/?id=YSLC705
YSLC706,qrs/YSLC706.png,https://yolkshire-pune.github.io/loyalty-card-tracker/?id=YSLC706
YSLC707,qrs/YSLC707.png,https://yolkshire-pune.github.io/loyalty-card-tracker/?id=YSLC707
YSLC708,qrs/YSLC708.png,https://yolkshire-pune.github.io/loyalty-card-tracker/?id=YSLC708
YSLC709,qrs/YSLC709.png,https://yolkshire-pune.github.io/loyalty-card-tracker/?id=YSLC709
YSLC710,qrs/YSLC710.png,https://yolkshire-pune.github.io/loyalty-card-tracker/?id=YSLC710
YSLC711,qrs/YSLC711.png,https://yolkshire-pune.github.io/loyalty-card-tracker/?id=YSLC711
YSLC712,qrs/YSLC712.png,https://yolkshire-pune.github.io/loyalty-card-tracker/?id=YSLC712
YSLC713,qrs/YSLC713.png,https://yolkshire-pune.github.io/loyalty-card-tracker/?id=YSLC713
YSLC714,qrs/YSLC714.png,https://yolkshire-pune.github.io/loyalty-card-tracker/?id=YSLC714
YSLC715,qrs/YSLC715.png,https://yolkshire-pune.github.io/loyalty-card-tracker/?id=YSLC715
YSLC716,qrs/YSLC716.png,https://yolkshire-pune.github.io/loyalty-card-tracker/?id=YSLC716
YSLC717,qrs/YSLC717.png,https://yolkshire-pune.github.io/loyalty-card-tracker/?id=YSLC717
YSLC718,qrs/YSLC718.png,https://yolkshire-pune.github.io/loyalty-card-tracker/?id=YSLC718
YSLC719,qrs/YSLC719.png,https://yolkshire-pune.github.io/loyalty-card-tracker/?id=YSLC719
YSLC720,qrs/YSLC720.png,https://yolkshire-pune.github.io/loyalty-card-tracker/?id=YSLC720
YSLC721,qrs/YSLC721.png,https://yolkshire-pune.github.io/loyalty-card-tracker/?id=YSLC721
YSLC722,qrs/YSLC722.png,https://yolkshire-pune.github.io/loyalty-card-tracker/?id=YSLC722
YSLC723,qrs/YSLC723.png,https://yolkshire-pune.github.io/loyalty-card-tracker/?id=YSLC723
YSLC724,qrs/YSLC724.png,https://yolkshire-pune.github.io/loyalty-card-tracker/?id=YSLC724
YSLC725,qrs/YSLC725.png,https://yolkshire-pune.github.io/loyalty-card-tracker/?id=YSLC725
YSLC726,qrs/YSLC726.png,https://yolkshire-pune.github.io/loyalty-card-tracker/?id=YSLC726
YSLC727,qrs/YSLC727.png,https://yolkshire-pune.github.io/loyalty-card-tracker/?id=YSLC727
YSLC728,qrs/YSLC728.png,https://yolkshire-pune.github.io/loyalty-card-tracker/?id=YSLC728
YSLC729,qrs/YSLC729.png,https://yolkshire-pune.github.io/loyalty-card-tracker/?id=YSLC729
YSLC730,qrs/YSLC730.png,https://yolkshire-pune.github.io/loyalty-card-tracker/?id=YSLC730
YSLC731,qrs/YSLC731.png,https://yolkshire-pune.github.io/loyalty-card-tracker/?id=YSLC731
YSLC732,qrs/YSLC732.png,https://yolkshire-pune.github.io/loyalty-card-tracker/?id=YSLC732
YSLC733,qrs/YSLC733.png,https://yolkshire-pune.github.io/loyalty-card-tracker/?id=YSLC733
YSLC734,qrs/YSLC734.png,https://yolkshire-pune.github.io/loyalty-card-tracker/?id=YSLC734
YSLC735,qrs/YSLC735.png,https://yolkshire-pune.github.io/loyalty-card-tracker/?id=YSLC735
YSLC736,qrs/YSLC736.png,https://yolkshire-pune.github.io/loyalty-card-tracker/?id=YSLC736
YSLC737,qrs/YSLC737.png,https://yolkshire-pune.github.io/loyalty-card-tracker/?id=YSLC737
YSLC738,qrs/YSLC738.png,https://yolkshire-pune.github.io/loyalty-card-tracker/?id=YSLC738
YSLC739,qrs/YSLC739.png,https://yolkshire-pune.github.io/loyalty-card-tracker/?id=YSLC739
YSLC740,qrs/YSLC740.png,https://yolkshire-pune.github.io/loyalty-card-tracker/?id=YSLC740
YSLC741,qrs/YSLC741.png,https://yolkshire-pune.github.io/loyalty-card-tracker/?id=YSLC741
YSLC742,qrs/YSLC742.png,https://yolkshire-pune.github.io/loyalty-card-tracker/?id=YSLC742
YSLC743,qrs/YSLC743.png,https://yolkshire-pune.github.io/loyalty-card-tracker/?id=YSLC743
YSLC744,qrs/YSLC744.png,https://yolkshire-pune.github.io/loyalty-card-tracker/?id=YSLC744
YSLC745,qrs/YSLC745.png,https://yolkshire-pune.github.io/loyalty-card-tracker/?id=YSLC745
YSLC746,qrs/YSLC746.png,https://yolkshire-pune.github.io/loyalty-card-tracker/?id=YSLC746
YSLC747,qrs/YSLC747.png,https://yolkshire-pune.github.io/loyalty-card-tracker/?id=YSLC747
YSLC748,qrs/YSLC748.png,https://yolkshire-pune.github.io/loyalty-card-tracker/?id=YSLC748
YSLC749,qrs/YSLC749.png,https://yolkshire-pune.github.io/loyalty-card-tracker/?id=YSLC749
YSLC750,qrs/YSLC750.png,https://yolkshire-pune.github.io/loyalty-card-tracker/?id=YSLC750
YSLC751,qrs/YSLC751.png,https://yolkshire-pune.github.io/loyalty-card-tracker/?id=YSLC751
YSLC752,qrs/YSLC752.png,https://yolkshire-pune.github.io/loyalty-card-tracker/?id=YSLC752
YSLC753,qrs/YSLC753.png,https://yolkshire-pune.github.io/loyalty-card-tracker/?id=YSLC753
YSLC754,qrs/YSLC754.png,https://yolkshire-pune.github.io/loyalty-card-tracker/?id=YSLC754
YSLC755,qrs/YSLC755.png,https://yolkshire-pune.github.io/loyalty-card-tracker/?id=YSLC755
YSLC756,qrs/YSLC756.png,https://yolkshire-pune.github.io/loyalty-card-tracker/?id=YSLC756
YSLC757,qrs/YSLC757.png,https://yolkshire-pune.github.io/loyalty-card-tracker/?id=YSLC757
YSLC758,qrs/YSLC758.png,https://yolkshire-pune.github.io/loyalty-card-tracker/?id=YSLC758
YSLC759,qrs/YSLC759.png,https://yolkshire-pune.github.io/loyalty-card-tracker/?id=YSLC759
YSLC760,qrs/YSLC760.png,https://yolkshire-pune.github.io/loyalty-card-tracker/?id=YSLC760
YSLC761,qrs/YSLC761.png,https://yolkshire-pune.github.io/loyalty-card-tracker/?id=YSLC761
YSLC762,qrs/YSLC762.png,https://yolkshire-pune.github.io/loyalty-card-tracker/?id=YSLC762
YSLC763,qrs/YSLC763.png,https://yolkshire-pune.github.io/loyalty-card-tracker/?id=YSLC763
YSLC764,qrs/YSLC764.png,https://yolkshire-pune.github.io/loyalty-card-tracker/?id=YSLC764
YSLC765,qrs/YSLC765.png,https://yolkshire-pune.github.io/loyalty-card-tracker/?id=YSLC765
YSLC766,qrs/YSLC766.png,https://yolkshire-pune.github.io/loyalty-card-tracker/?id=YSLC766
YSLC767,qrs/YSLC767.png,https://yolkshire-pune.github.io/loyalty-card-tracker/?id=YSLC767
YSLC768,qrs/YSLC768.png,https://yolkshire-pune.github.io/loyalty-card-tracker/?id=YSLC768
YSLC769,qrs/YSLC769.png,https://yolkshire-pune.github.io/loyalty-card-tracker/?id=YSLC769
YSLC770,qrs/YSLC770.png,https://yolkshire-pune.github.io/loyalty-card-tracker/?id=YSLC770
YSLC771,qrs/YSLC771.png,https://yolkshire-pune.github.io/loyalty-card-tracker/?id=YSLC771
YSLC772,qrs/YSLC772.png,https://yolkshire-pune.github.io/loyalty-card-tracker/?id=YSLC772
YSLC773,qrs/YSLC773.png,https://yolkshire-pune.github.io/loyalty-card-tracker/?id=YSLC773
YSLC774,qrs/YSLC774.png,https://yolkshire-pune.github.io/loyalty-card-tracker/?id=YSLC774
YSLC775,qrs/YSLC775.png,https://yolkshire-pune.github.io/loyalty-card-tracker/?id=YSLC775
YSLC776,qrs/YSLC776.png,https://yolkshire-pune.github.io/loyalty-card-tracker/?id=YSLC776
YSLC777,qrs/YSLC777.png,https://yolkshire-pune.github.io/loyalty-card-tracker/?id=YSLC777
YSLC778,qrs/YSLC778.png,https://yolkshire-pune.github.io/loyalty-card-tracker/?id=YSLC778
YSLC779,qrs/YSLC779.png,https://yolkshire-pune.github.io/loyalty-card-tracker/?id=YSLC779
YSLC780,qrs/YSLC780.png,https://yolkshire-pune.github.io/loyalty-card-tracker/?id=YSLC780
YSLC781,qrs/YSLC781.png,https://yolkshire-pune.github.io/loyalty-card-tracker/?id=YSLC781
YSLC782,qrs/YSLC782.png,https://yolkshire-pune.github.io/loyalty-card-tracker/?id=YSLC782
YSLC783,qrs/YSLC783.png,https://yolkshire-pune.github.io/loyalty-card-tracker/?id=YSLC783
YSLC784,qrs/YSLC784.png,https://yolkshire-pune.github.io/loyalty-card-tracker/?id=YSLC784
YSLC785,qrs/YSLC785.png,https://yolkshire-pune.github.io/loyalty-card-tracker/?id=YSLC785
YSLC786,qrs/YSLC786.png,https://yolkshire-pune.github.io/loyalty-card-tracker/?id=YSLC786
YSLC787,qrs/YSLC787.png,https://yolkshire-pune.github.io/loyalty-card-tracker/?id=YSLC787
YSLC788,qrs/YSLC788.png,https://yolkshire-pune.github.io/loyalty-card-tracker/?id=YSLC788
YSLC789,qrs/YSLC789.png,https://yolkshire-pune.github.io/loyalty-card-tracker/?id=YSLC789
YSLC790,qrs/YSLC790.png,https://yolkshire-pune.github.io/loyalty-card-tracker/?id=YSLC790
YSLC791,qrs/YSLC791.png,https://yolkshire-pune.github.io/loyalty-card-tracker/?id=YSLC791
YSLC792,qrs/YSLC792.png,https://yolkshire-pune.github.io/loyalty-card-tracker/?id=YSLC792
YSLC793,qrs/YSLC793.png,https://yolkshire-pune.github.io/loyalty-card-tracker/?id=YSLC793
YSLC794,qrs/YSLC794.png,https://yolkshire-pune.github.io/loyalty-card-tracker/?id=YSLC794
YSLC795,qrs/YSLC795.png,https://yolkshire-pune.github.io/loyalty-card-tracker/?id=YSLC795
YSLC796,qrs/YSLC796.png,https://yolkshire-pune.github.io/loyalty-card-tracker/?id=YSLC796
YSLC797,qrs/YSLC797.png,https://yolkshire-pune.github.io/loyalty-card-tracker/?id=YSLC797
YSLC798,qrs/YSLC798.png,https://yolkshire-pune.github.io/loyalty-card-tracker/?id=YSLC798
YSLC799,qrs/YSLC799.png,https://yolkshire-pune.github.io/loyalty-card-tracker/?id=YSLC799
YSLC800,qrs/YSLC800.png,https://yolkshire-pune.github.io/loyalty-card-tracker/?id=YSLC800
YSLC801,qrs/YSLC801.png,https://yolkshire-pune.github.io/loyalty-card-tracker/?id=YSLC801
YSLC802,qrs/YSLC802.png,https://yolkshire-pune.github.io/loyalty-card-tracker/?id=YSLC802
YSLC803,qrs/YSLC803.png,https://yolkshire-pune.github.io/loyalty-card-tracker/?id=YSLC803
YSLC804,qrs/YSLC804.png,https://yolkshire-pune.github.io/loyalty-card-tracker/?id=YSLC804
YSLC805,qrs/YSLC805.png,https://yolkshire-pune.github.io/loyalty-card-tracker/?id=YSLC805
YSLC806,qrs/YSLC806.png,https://yolkshire-pune.github.io/loyalty-card-tracker/?id=YSLC806
YSLC807,qrs/YSLC807.png,https://yolkshire-pune.github.io/loyalty-card-tracker/?id=YSLC807
YSLC808,qrs/YSLC808.png,https://yolkshire-pune.github.io/loyalty-card-tracker/?id=YSLC808
YSLC809,qrs/YSLC809.png,https://yolkshire-pune.github.io/loyalty-card-tracker/?id=YSLC809
YSLC810,qrs/YSLC810.png,https://yolkshire-pune.github.io/loyalty-card-tracker/?id=YSLC810
YSLC811,qrs/YSLC811.png,https://yolkshire-pune.github.io/loyalty-card-tracker/?id=YSLC811
YSLC812,qrs/YSLC812.png,https://yolkshire-pune.github.io/loyalty-card-tracker/?id=YSLC812
YSLC813,qrs/YSLC813.png,https://yolkshire-pune.github.io/loyalty-card-tracker/?id=YSLC813
YSLC814,qrs/YSLC814.png,https://yolkshire-pune.github.io/loyalty-card-tracker/?id=YSLC814
YSLC815,qrs/YSLC815.png,https://yolkshire-pune.github.io/loyalty-card-tracker/?id=YSLC815
YSLC816,qrs/YSLC816.png,https://yolkshire-pune.github.io/loyalty-card-tracker/?id=YSLC816
YSLC817,qrs/YSLC817.png,https://yolkshire-pune.github.io/loyalty-card-tracker/?id=YSLC817
YSLC818,qrs/YSLC818.png,https://yolkshire-pune.github.io/loyalty-card-tracker/?id=YSLC818
YSLC819,qrs/YSLC819.png,https://yolkshire-pune.github.io/loyalty-card-tracker/?id=YSLC819
YSLC820,qrs/YSLC820.png,https://yolkshire-pune.github.io/loyalty-card-tracker/?id=YSLC820
YSLC821,qrs/YSLC821.png,https://yolkshire-pune.github.io/loyalty-card-tracker/?id=YSLC821
YSLC822,qrs/YSLC822.png,https://yolkshire-pune.github.io/loyalty-card-tracker/?id=YSLC822
YSLC823,qrs/YSLC823.png,https://yolkshire-pune.github.io/loyalty-card-tracker/?id=YSLC823
YSLC824,qrs/YSLC824.png,https://yolkshire-pune.github.io/loyalty-card-tracker/?id=YSLC824
YSLC825,qrs/YSLC825.png,https://yolkshire-pune.github.io/loyalty-card-tracker/?id=YSLC825
YSLC826,qrs/YSLC826.png,https://yolkshire-pune.github.io/loyalty-card-tracker/?id=YSLC826
YSLC827,qrs/YSLC827.png,https://yolkshire-pune.github.io/loyalty-card-tracker/?id=YSLC827
YSLC828,qrs/YSLC828.png,https://yolkshire-pune.github.io/loyalty-card-tracker/?id=YSLC828
YSLC829,qrs/YSLC829.png,https://yolkshire-pune.github.io/loyalty-card-tracker/?id=YSLC829
YSLC830,qrs/YSLC830.png,https://yolkshire-pune.github.io/loyalty-card-tracker/?id=YSLC830
YSLC831,qrs/YSLC831.png,https://yolkshire-pune.github.io/loyalty-card-tracker/?id=YSLC831
YSLC832,qrs/YSLC832.png,https://yolkshire-pune.github.io/loyalty-card-tracker/?id=YSLC832
YSLC833,qrs/YSLC833.png,https://yolkshire-pune.github.io/loyalty-card-tracker/?id=YSLC833
YSLC834,qrs/YSLC834.png,https://yolkshire-pune.github.io/loyalty-card-tracker/?id=YSLC834
YSLC835,qrs/YSLC835.png,https://yolkshire-pune.github.io/loyalty-card-tracker/?id=YSLC835
YSLC836,qrs/YSLC836.png,https://yolkshire-pune.github.io/loyalty-card-tracker/?id=YSLC836
YSLC837,qrs/YSLC837.png,https://yolkshire-pune.github.io/loyalty-card-tracker/?id=YSLC837
YSLC838,qrs/YSLC838.png,https://yolkshire-pune.github.io/loyalty-card-tracker/?id=YSLC838
YSLC839,qrs/YSLC839.png,https://yolkshire-pune.github.io/loyalty-card-tracker/?id=YSLC839
YSLC840,qrs/YSLC840.png,https://yolkshire-pune.github.io/loyalty-card-tracker/?id=YSLC840
YSLC841,qrs/YSLC841.png,https://yolkshire-pune.github.io/loyalty-card-tracker/?id=YSLC841
YSLC842,qrs/YSLC842.png,https://yolkshire-pune.github.io/loyalty-card-tracker/?id=YSLC842
YSLC843,qrs/YSLC843.png,https://yolkshire-pune.github.io/loyalty-card-tracker/?id=YSLC843
YSLC844,qrs/YSLC844.png,https://yolkshire-pune.github.io/loyalty-card-tracker/?id=YSLC844
YSLC845,qrs/YSLC845.png,https://yolkshire-pune.github.io/loyalty-card-tracker/?id=YSLC845
YSLC846,qrs/YSLC846.png,https://yolkshire-pune.github.io/loyalty-card-tracker/?id=YSLC846
YSLC847,qrs/YSLC847.png,https://yolkshire-pune.github.io/loyalty-card-tracker/?id=YSLC847
YSLC848,qrs/YSLC848.png,https://yolkshire-pune.github.io/loyalty-card-tracker/?id=YSLC848
YSLC849,qrs/YSLC849.png,https://yolkshire-pune.github.io/loyalty-card-tracker/?id=YSLC849
YSLC850,qrs/YSLC850.png,https://yolkshire-pune.github.io/loyalty-card-tracker/?id=YSLC850
YSLC851,qrs/YSLC851.png,https://yolkshire-pune.github.io/loyalty-card-tracker/?id=YSLC851
YSLC852,qrs/YSLC852.png,https://yolkshire-pune.github.io/loyalty-card-tracker/?id=YSLC852
YSLC853,qrs/YSLC853.png,https://yolkshire-pune.github.io/loyalty-card-tracker/?id=YSLC853
YSLC854,qrs/YSLC854.png,https://yolkshire-pune.github.io/loyalty-card-tracker/?id=YSLC854
YSLC855,qrs/YSLC855.png,https://yolkshire-pune.github.io/loyalty-card-tracker/?id=YSLC855
YSLC856,qrs/YSLC856.png,https://yolkshire-pune.github.io/loyalty-card-tracker/?id=YSLC856
YSLC857,qrs/YSLC857.png,https://yolkshire-pune.github.io/loyalty-card-tracker/?id=YSLC857
YSLC858,qrs/YSLC858.png,https://yolkshire-pune.github.io/loyalty-card-tracker/?id=YSLC858
YSLC859,qrs/YSLC859.png,https://yolkshire-pune.github.io/loyalty-card-tracker/?id=YSLC859
YSLC860,qrs/YSLC860.png,https://yolkshire-pune.github.io/loyalty-card-tracker/?id=YSLC860
YSLC861,qrs/YSLC861.png,https://yolkshire-pune.github.io/loyalty-card-tracker/?id=YSLC861
YSLC862,qrs/YSLC862.png,https://yolkshire-pune.github.io/loyalty-card-tracker/?id=YSLC862
YSLC863,qrs/YSLC863.png,https://yolkshire-pune.github.io/loyalty-card-tracker/?id=YSLC863
YSLC864,qrs/YSLC864.png,https://yolkshire-pune.github.io/loyalty-card-tracker/?id=YSLC864
YSLC865,qrs/YSLC865.png,https://yolkshire-pune.github.io/loyalty-card-tracker/?id=YSLC865
YSLC866,qrs/YSLC866.png,https://yolkshire-pune.github.io/loyalty-card-tracker/?id=YSLC866
YSLC867,qrs/YSLC867.png,https://yolkshire-pune.github.io/loyalty-card-tracker/?id=YSLC867
YSLC868,qrs/YSLC868.png,https://yolkshire-pune.github.io/loyalty-card-tracker/?id=YSLC868
YSLC869,qrs/YSLC869.png,https://yolkshire-pune.github.io/loyalty-card-tracker/?id=YSLC869
YSLC870,qrs/YSLC870.png,https://yolkshire-pune.github.io/loyalty-card-tracker/?id=YSLC870
YSLC871,qrs/YSLC871.png,https://yolkshire-pune.github.io/loyalty-card-tracker/?id=YSLC871
YSLC872,qrs/YSLC872.png,https://yolkshire-pune.github.io/loyalty-card-tracker/?id=YSLC872
YSLC873,qrs/YSLC873.png,https://yolkshire-pune.github.io/loyalty-card-tracker/?id=YSLC873
YSLC874,qrs/YSLC874.png,https://yolkshire-pune.github.io/loyalty-card-tracker/?id=YSLC874
YSLC875,qrs/YSLC875.png,https://yolkshire-pune.github.io/loyalty-card-tracker/?id=YSLC875
YSLC876,qrs/YSLC876.png,https://yolkshire-pune.github.io/loyalty-card-tracker/?id=YSLC876
YSLC877,qrs/YSLC877.png,https://yolkshire-pune.github.io/loyalty-card-tracker/?id=YSLC877
YSLC878,qrs/YSLC878.png,https://yolkshire-pune.github.io/loyalty-card-tracker/?id=YSLC878
YSLC879,qrs/YSLC879.png,https://yolkshire-pune.github.io/loyalty-card-tracker/?id=YSLC879
YSLC880,qrs/YSLC880.png,https://yolkshire-pune.github.io/loyalty-card-tracker/?id=YSLC880
YSLC881,qrs/YSLC881.png,https://yolkshire-pune.github.io/loyalty-card-tracker/?id=YSLC881
YSLC882,qrs/YSLC882.png,https://yolkshire-pune.github.io/loyalty-card-tracker/?id=YSLC882
YSLC883,qrs/YSLC883.png,https://yolkshire-pune.github.io/loyalty-card-tracker/?id=YSLC883
YSLC884,qrs/YSLC884.png,https://yolkshire-pune.github.io/loyalty-card-tracker/?id=YSLC884
YSLC885,qrs/YSLC885.png,https://yolkshire-pune.github.io/loyalty-card-tracker/?id=YSLC885
YSLC886,qrs/YSLC886.png,https://yolkshire-pune.github.io/loyalty-card-tracker/?id=YSLC886
YSLC887,qrs/YSLC887.png,https://yolkshire-pune.github.io/loyalty-card-tracker/?id=YSLC887
YSLC888,qrs/YSLC888.png,https://yolkshire-pune.github.io/loyalty-card-tracker/?id=YSLC888
YSLC889,qrs/YSLC889.png,https://yolkshire-pune.github.io/loyalty-card-tracker/?id=YSLC889
YSLC890,qrs/YSLC890.png,https://yolkshire-pune.github.io/loyalty-card-tracker/?id=YSLC890
YSLC891,qrs/YSLC891.png,https://yolkshire-pune.github.io/loyalty-card-tracker/?id=YSLC891
YSLC892,qrs/YSLC892.png,https://yolkshire-pune.github.io/loyalty-card-tracker/?id=YSLC892
YSLC893,qrs/YSLC893.png,https://yolkshire-pune.github.io/loyalty-card-tracker/?id=YSLC893
YSLC894,qrs/YSLC894.png,https://yolkshire-pune.github.io/loyalty-card-tracker/?id=YSLC894
YSLC895,qrs/YSLC895.png,https://yolkshire-pune.github.io/loyalty-card-tracker/?id=YSLC895
YSLC896,qrs/YSLC896.png,https://yolkshire-pune.github.io/loyalty-card-tracker/?id=YSLC896
YSLC897,qrs/YSLC897.png,https://yolkshire-pune.github.io/loyalty-card-tracker/?id=YSLC897
YSLC898,qrs/YSLC898.png,https://yolkshire-pune.github.io/loyalty-card-tracker/?id=YSLC898
YSLC899,qrs/YSLC899.png,https://yolkshire-pune.github.io/loyalty-card-tracker/?id=YSLC899
YSLC900,qrs/YSLC900.png,https://yolkshire-pune.github.io/loyalty-card-tracker/?id=YSLC900
YSLC901,qrs/YSLC901.png,https://yolkshire-pune.github.io/loyalty-card-tracker/?id=YSLC901
YSLC902,qrs/YSLC902.png,https://yolkshire-pune.github.io/loyalty-card-tracker/?id=YSLC902
YSLC903,qrs/YSLC903.png,https://yolkshire-pune.github.io/loyalty-card-tracker/?id=YSLC903
YSLC904,qrs/YSLC904.png,https://yolkshire-pune.github.io/loyalty-card-tracker/?id=YSLC904
YSLC905,qrs/YSLC905.png,https://yolkshire-pune.github.io/loyalty-card-tracker/?id=YSLC905
YSLC906,qrs/YSLC906.png,https://yolkshire-pune.github.io/loyalty-card-tracker/?id=YSLC906
YSLC907,qrs/YSLC907.png,https://yolkshire-pune.github.io/loyalty-card-tracker/?id=YSLC907
YSLC908,qrs/YSLC908.png,https://yolkshire-pune.github.io/loyalty-card-tracker/?id=YSLC908
YSLC909,qrs/YSLC909.png,https://yolkshire-pune.github.io/loyalty-card-tracker/?id=YSLC909
YSLC910,qrs/YSLC910.png,https://yolkshire-pune.github.io/loyalty-card-tracker/?id=YSLC910
YSLC911,qrs/YSLC911.png,https://yolkshire-pune.github.io/loyalty-card-tracker/?id=YSLC911
YSLC912,qrs/YSLC912.png,https://yolkshire-pune.github.io/loyalty-card-tracker/?id=YSLC912
YSLC913,qrs/YSLC913.png,https://yolkshire-pune.github.io/loyalty-card-tracker/?id=YSLC913
YSLC914,qrs/YSLC914.png,https://yolkshire-pune.github.io/loyalty-card-tracker/?id=YSLC914
YSLC915,qrs/YSLC915.png,https://yolkshire-pune.github.io/loyalty-card-tracker/?id=YSLC915
YSLC916,qrs/YSLC916.png,https://yolkshire-pune.github.io/loyalty-card-tracker/?id=YSLC916
YSLC917,qrs/YSLC917.png,https://yolkshire-pune.github.io/loyalty-card-tracker/?id=YSLC917
YSLC918,qrs/YSLC918.png,https://yolkshire-pune.github.io/loyalty-card-tracker/?id=YSLC918
YSLC919,qrs/YSLC919.png,https://yolkshire-pune.github.io/loyalty-card-tracker/?id=YSLC919
YSLC920,qrs/YSLC920.png,https://yolkshire-pune.github.io/loyalty-card-tracker/?id=YSLC920
YSLC921,qrs/YSLC921.png,https://yolkshire-pune.github.io/loyalty-card-tracker/?id=YSLC921
YSLC922,qrs/YSLC922.png,https://yolkshire-pune.github.io/loyalty-card-tracker/?id=YSLC922
YSLC923,qrs/YSLC923.png,https://yolkshire-pune.github.io/loyalty-card-tracker/?id=YSLC923
YSLC924,qrs/YSLC924.png,https://yolkshire-pune.github.io/loyalty-card-tracker/?id=YSLC924
YSLC925,qrs/YSLC925.png,https://yolkshire-pune.github.io/loyalty-card-tracker/?id=YSLC925
YSLC926,qrs/YSLC926.png,https://yolkshire-pune.github.io/loyalty-card-tracker/?id=YSLC926
YSLC927,qrs/YSLC927.png,https://yolkshire-pune.github.io/loyalty-card-tracker/?id=YSLC927
YSLC928,qrs/YSLC928.png,https://yolkshire-pune.github.io/loyalty-card-tracker/?id=YSLC928
YSLC929,qrs/YSLC929.png,https://yolkshire-pune.github.io/loyalty-card-tracker/?id=YSLC929
YSLC930,qrs/YSLC930.png,https://yolkshire-pune.github.io/loyalty-card-tracker/?id=YSLC930
YSLC931,qrs/YSLC931.png,https://yolkshire-pune.github.io/loyalty-card-tracker/?id=YSLC931
YSLC932,qrs/YSLC932.png,https://yolkshire-pune.github.io/loyalty-card-tracker/?id=YSLC932
YSLC933,qrs/YSLC933.png,https://yolkshire-pune.github.io/loyalty-card-tracker/?id=YSLC933
YSLC934,qrs/YSLC934.png,https://yolkshire-pune.github.io/loyalty-card-tracker/?id=YSLC934
YSLC935,qrs/YSLC935.png,https://yolkshire-pune.github.io/loyalty-card-tracker/?id=YSLC935
YSLC936,qrs/YSLC936.png,https://yolkshire-pune.github.io/loyalty-card-tracker/?id=YSLC936
YSLC937,qrs/YSLC937.png,https://yolkshire-pune.github.io/loyalty-card-tracker/?id=YSLC937
YSLC938,qrs/YSLC938.png,https://yolkshire-pune.github.io/loyalty-card-tracker/?id=YSLC938
YSLC939,qrs/YSLC939.png,https://yolkshire-pune.github.io/loyalty-card-tracker/?id=YSLC939
YSLC940,qrs/YSLC940.png,https://yolkshire-pune.github.io/loyalty-card-tracker/?id=YSLC940
YSLC941,qrs/YSLC941.png,https://yolkshire-pune.github.io/loyalty-card-tracker/?id=YSLC941
YSLC942,qrs/YSLC942.png,https://yolkshire-pune.github.io/loyalty-card-tracker/?id=YSLC942
YSLC943,qrs/YSLC943.png,https://yolkshire-pune.github.io/loyalty-card-tracker/?id=YSLC943
YSLC944,qrs/YSLC944.png,https://yolkshire-pune.github.io/loyalty-card-tracker/?id=YSLC944
YSLC945,qrs/YSLC945.png,https://yolkshire-pune.github.io/loyalty-card-tracker/?id=YSLC945
YSLC946,qrs/YSLC946.png,https://yolkshire-pune.github.io/loyalty-card-tracker/?id=YSLC946
YSLC947,qrs/YSLC947.png,https://yolkshire-pune.github.io/loyalty-card-tracker/?id=YSLC947
YSLC948,qrs/YSLC948.png,https://yolkshire-pune.github.io/loyalty-card-tracker/?id=YSLC948
YSLC949,qrs/YSLC949.png,https://yolkshire-pune.github.io/loyalty-card-tracker/?id=YSLC949
YSLC950,qrs/YSLC950.png,https://yolkshire-pune.github.io/loyalty-card-tracker/?id=YSLC950
YSLC951,qrs/YSLC951.png,https://yolkshire-pune.github.io/loyalty-card-tracker/?id=YSLC951
YSLC952,qrs/YSLC952.png,https://yolkshire-pune.github.io/loyalty-card-tracker/?id=YSLC952
YSLC953,qrs/YSLC953.png,https://yolkshire-pune.github.io/loyalty-card-tracker/?id=YSLC953
YSLC954,qrs/YSLC954.png,https://yolkshire-pune.github.io/loyalty-card-tracker/?id=YSLC954
YSLC955,qrs/YSLC955.png,https://yolkshire-pune.github.io/loyalty-card-tracker/?id=YSLC955
YSLC956,qrs/YSLC956.png,https://yolkshire-pune.github.io/loyalty-card-tracker/?id=YSLC956
YSLC957,qrs/YSLC957.png,https://yolkshire-pune.github.io/loyalty-card-tracker/?id=YSLC957
YSLC958,qrs/YSLC958.png,https://yolkshire-pune.github.io/loyalty-card-tracker/?id=YSLC958
YSLC959,qrs/YSLC959.png,https://yolkshire-pune.github.io/loyalty-card-tracker/?id=YSLC959
YSLC960,qrs/YSLC960.png,https://yolkshire-pune.github.io/loyalty-card-tracker/?id=YSLC960
YSLC961,qrs/YSLC961.png,https://yolkshire-pune.github.io/loyalty-card-tracker/?id=YSLC961
YSLC962,qrs/YSLC962.png,https://yolkshire-pune.github.io/loyalty-card-tracker/?id=YSLC962
YSLC963,qrs/YSLC963.png,https://yolkshire-pune.github.io/loyalty-card-tracker/?id=YSLC963
YSLC964,qrs/YSLC964.png,https://yolkshire-pune.github.io/loyalty-card-tracker/?id=YSLC964
YSLC965,qrs/YSLC965.png,https://yolkshire-pune.github.io/loyalty-card-tracker/?id=YSLC965
YSLC966,qrs/YSLC966.png,https://yolkshire-pune.github.io/loyalty-card-tracker/?id=YSLC966
YSLC967,qrs/YSLC967.png,https://yolkshire-pune.github.io/loyalty-card-tracker/?id=YSLC967
YSLC968,qrs/YSLC968.png,https://yolkshire-pune.github.io/loyalty-card-tracker/?id=YSLC968
YSLC969,qrs/YSLC969.png,https://yolkshire-pune.github.io/loyalty-card-tracker/?id=YSLC969
YSLC970,qrs/YSLC970.png,https://yolkshire-pune.github.io/loyalty-card-tracker/?id=YSLC970
YSLC971,qrs/YSLC971.png,https://yolkshire-pune.github.io/loyalty-card-tracker/?id=YSLC971
YSLC972,qrs/YSLC972.png,https://yolkshire-pune.github.io/loyalty-card-tracker/?id=YSLC972
YSLC973,qrs/YSLC973.png,https://yolkshire-pune.github.io/loyalty-card-tracker/?id=YSLC973
YSLC974,qrs/YSLC974.png,https://yolkshire-pune.github.io/loyalty-card-tracker/?id=YSLC974
YSLC975,qrs/YSLC975.png,https://yolkshire-pune.github.io/loyalty-card-tracker/?id=YSLC975
YSLC976,qrs/YSLC976.png,https://yolkshire-pune.github.io/loyalty-card-tracker/?id=YSLC976
YSLC977,qrs/YSLC977.png,https://yolkshire-pune.github.io/loyalty-card-tracker/?id=YSLC977
YSLC978,qrs/YSLC978.png,https://yolkshire-pune.github.io/loyalty-card-tracker/?id=YSLC978
YSLC979,qrs/YSLC979.png,https://yolkshire-pune.github.io/loyalty-card-tracker/?id=YSLC979
YSLC980,qrs/YSLC980.png,https://yolkshire-pune.github.io/loyalty-card-tracker/?id=YSLC980
YSLC981,qrs/YSLC981.png,https://yolkshire-pune.github.io/loyalty-card-tracker/?id=YSLC981
YSLC982,qrs/YSLC982.png,https://yolkshire-pune.github.io/loyalty-card-tracker/?id=YSLC982
YSLC983,qrs/YSLC983.png,https://yolkshire-pune.github.io/loyalty-card-tracker/?id=YSLC983
YSLC984,qrs/YSLC984.png,https://yolkshire-pune.github.io/loyalty-card-tracker/?id=YSLC984
YSLC985,qrs/YSLC985.png,https://yolkshire-pune.github.io/loyalty-card-tracker/?id=YSLC985
YSLC986,qrs/YSLC986.png,https://yolkshire-pune.github.io/loyalty-card-tracker/?id=YSLC986
YSLC987,qrs/YSLC987.png,https://yolkshire-pune.github.io/loyalty-card-tracker/?id=YSLC987
YSLC988,qrs/YSLC988.png,https://yolkshire-pune.github.io/loyalty-card-tracker/?id=YSLC988
YSLC989,qrs/YSLC989.png,https://yolkshire-pune.github.io/loyalty-card-tracker/?id=YSLC989
YSLC990,qrs/YSLC990.png,https://yolkshire-pune.github.io/loyalty-card-tracker/?id=YSLC990
YSLC991,qrs/YSLC991.png,https://yolkshire-pune.github.io/loyalty-card-tracker/?id=YSLC991
YSLC992,qrs/YSLC992.png,https://yolkshire-pune.github.io/loyalty-card-tracker/?id=YSLC992
YSLC993,qrs/YSLC993.png,https://yolkshire-pune.github.io/loyalty-card-tracker/?id=YSLC993
YSLC994,qrs/YSLC994.png,https://yolkshire-pune.github.io/loyalty-card-tracker/?id=YSLC994
YSLC995,qrs/YSLC995.png,https://yolkshire-pune.github.io/loyalty-card-tracker/?id=YSLC995
YSLC996,qrs/YSLC996.png,https://yolkshire-pune.github.io/loyalty-card-tracker/?id=YSLC996
YSLC997,qrs/YSLC997.png,https://yolkshire-pune.github.io/loyalty-card-tracker/?id=YSLC997
YSLC998,qrs/YSLC998.png,https://yolkshire-pune.github.io/loyalty-card-tracker/?id=YSLC998
YSLC999,qrs/YSLC999.png,https://yolkshire-pune.github.io/loyalty-card-tracker/?id=YSLC999
