card_id,qr_filename,url
YSLC001,YSLC001.png,https://yolkshire-pune.github.io/loyalty-card-tracker/?id=YSLC001
YSLC002,YSLC002.png,https://yolkshire-pune.github.io/loyalty-card-tracker/?id=YSLC002
YSLC003,YSLC003.png,https://yolkshire-pune.github.io/loyalty-card-tracker/?id=YSLC003
YSLC004,YSLC004.png,https://yolkshire-pune.github.io/loyalty-card-tracker/?id=YSLC004
YSLC005,YSLC005.png,https://yolkshire-pune.github.io/loyalty-card-tracker/?id=YSLC005
YSLC006,YSLC006.png,https://yolkshire-pune.github.io/loyalty-card-tracker/?id=YSLC006
YSLC007,YSLC007.png,https://yolkshire-pune.github.io/loyalty-card-tracker/?id=YSLC007
YSLC008,YSLC008.png,https://yolkshire-pune.github.io/loyalty-card-tracker/?id=YSLC008
YSLC009,YSLC009.png,https://yolkshire-pune.github.io/loyalty-card-tracker/?id=YSLC009
YSLC010,YSLC010.png,https://yolkshire-pune.github.io/loyalty-card-tracker/?id=YSLC010
YSLC011,YSLC011.png,https://yolkshire-pune.github.io/loyalty-card-tracker/?id=YSLC011
YSLC012,YSLC012.png,https://yolkshire-pune.github.io/loyalty-card-tracker/?id=YSLC012
YSLC013,YSLC013.png,https://yolkshire-pune.github.io/loyalty-card-tracker/?id=YSLC013
YSLC014,YSLC014.png,https://yolkshire-pune.github.io/loyalty-card-tracker/?id=YSLC014
YSLC015,YSLC015.png,https://yolkshire-pune.github.io/loyalty-card-tracker/?id=YSLC015
YSLC016,YSLC016.png,https://yolkshire-pune.github.io/loyalty-card-tracker/?id=YSLC016
YSLC017,YSLC017.png,https://yolkshire-pune.github.io/loyalty-card-tracker/?id=YSLC017
YSLC018,YSLC018.png,https://yolkshire-pune.github.io/loyalty-card-tracker/?id=YSLC018
YSLC019,YSLC019.png,https://yolkshire-pune.github.io/loyalty-card-tracker/?id=YSLC019
YSLC020,YSLC020.png,https://yolkshire-pune.github.io/loyalty-card-tracker/?id=YSLC020
YSLC021,YSLC021.png,https://yolkshire-pune.github.io/loyalty-card-tracker/?id=YSLC021
YSLC022,YSLC022.png,https://yolkshire-pune.github.io/loyalty-card-tracker/?id=YSLC022
YSLC023,YSLC023.png,https://yolkshire-pune.github.io/loyalty-card-tracker/?id=YSLC023
YSLC024,YSLC024.png,https://yolkshire-pune.github.io/loyalty-card-tracker/?id=YSLC024
YSLC025,YSLC025.png,https://yolkshire-pune.github.io/loyalty-card-tracker/?id=YSLC025
YSLC026,YSLC026.png,https://yolkshire-pune.github.io/loyalty-card-tracker/?id=YSLC026
YSLC027,YSLC027.png,https://yolkshire-pune.github.io/loyalty-card-tracker/?id=YSLC027
YSLC028,YSLC028.png,https://yolkshire-pune.github.io/loyalty-card-tracker/?id=YSLC028
YSLC029,YSLC029.png,https://yolkshire-pune.github.io/loyalty-card-tracker/?id=YSLC029
YSLC030,YSLC030.png,https://yolkshire-pune.github.io/loyalty-card-tracker/?id=YSLC030
YSLC031,YSLC031.png,https://yolkshire-pune.github.io/loyalty-card-tracker/?id=YSLC031
YSLC032,YSLC032.png,https://yolkshire-pune.github.io/loyalty-card-tracker/?id=YSLC032
YSLC033,YSLC033.png,https://yolkshire-pune.github.io/loyalty-card-tracker/?id=YSLC033
YSLC034,YSLC034.png,https://yolkshire-pune.github.io/loyalty-card-tracker/?id=YSLC034
YSLC035,YSLC035.png,https://yolkshire-pune.github.io/loyalty-card-tracker/?id=YSLC035
YSLC036,YSLC036.png,https://yolkshire-pune.github.io/loyalty-card-tracker/?id=YSLC036
YSLC037,YSLC037.png,https://yolkshire-pune.github.io/loyalty-card-tracker/?id=YSLC037
YSLC038,YSLC038.png,https://yolkshire-pune.github.io/loyalty-card-tracker/?id=YSLC038
YSLC039,YSLC039.png,https://yolkshire-pune.github.io/loyalty-card-tracker/?id=YSLC039
YSLC040,YSLC040.png,https://yolkshire-pune.github.io/loyalty-card-tracker/?id=YSLC040
YSLC041,YSLC041.png,https://yolkshire-pune.github.io/loyalty-card-tracker/?id=YSLC041
YSLC042,YSLC042.png,https://yolkshire-pune.github.io/loyalty-card-tracker/?id=YSLC042
YSLC043,YSLC043.png,https://yolkshire-pune.github.io/loyalty-card-tracker/?id=YSLC043
YSLC044,YSLC044.png,https://yolkshire-pune.github.io/loyalty-card-tracker/?id=YSLC044
YSLC045,YSLC045.png,https://yolkshire-pune.github.io/loyalty-card-tracker/?id=YSLC045
YSLC046,YSLC046.png,https://yolkshire-pune.github.io/loyalty-card-tracker/?id=YSLC046
YSLC047,YSLC047.png,https://yolkshire-pune.github.io/loyalty-card-tracker/?id=YSLC047
YSLC048,YSLC048.png,https://yolkshire-pune.github.io/loyalty-card-tracker/?id=YSLC048
YSLC049,YSLC049.png,https://yolkshire-pune.github.io/loyalty-card-tracker/?id=YSLC049
YSLC050,YSLC050.png,https://yolkshire-pune.github.io/loyalty-card-tracker/?id=YSLC050
YSLC051,YSLC051.png,https://yolkshire-pune.github.io/loyalty-card-tracker/?id=YSLC051
YSLC052,YSLC052.png,https://yolkshire-pune.github.io/loyalty-card-tracker/?id=YSLC052
YSLC053,YSLC053.png,https://yolkshire-pune.github.io/loyalty-card-tracker/?id=YSLC053
YSLC054,YSLC054.png,https://yolkshire-pune.github.io/loyalty-card-tracker/?id=YSLC054
YSLC055,YSLC055.png,https://yolkshire-pune.github.io/loyalty-card-tracker/?id=YSLC055
YSLC056,YSLC056.png,https://yolkshire-pune.github.io/loyalty-card-tracker/?id=YSLC056
YSLC057,YSLC057.png,https://yolkshire-pune.github.io/loyalty-card-tracker/?id=YSLC057
YSLC058,YSLC058.png,https://yolkshire-pune.github.io/loyalty-card-tracker/?id=YSLC058
YSLC059,YSLC059.png,https://yolkshire-pune.github.io/loyalty-card-tracker/?id=YSLC059
YSLC060,YSLC060.png,https://yolkshire-pune.github.io/loyalty-card-tracker/?id=YSLC060
YSLC061,YSLC061.png,https://yolkshire-pune.github.io/loyalty-card-tracker/?id=YSLC061
YSLC062,YSLC062.png,https://yolkshire-pune.github.io/loyalty-card-tracker/?id=YSLC062
YSLC063,YSLC063.png,https://yolkshire-pune.github.io/loyalty-card-tracker/?id=YSLC063
YSLC064,YSLC064.png,https://yolkshire-pune.github.io/loyalty-card-tracker/?id=YSLC064
YSLC065,YSLC065.png,https://yolkshire-pune.github.io/loyalty-card-tracker/?id=YSLC065
YSLC066,YSLC066.png,https://yolkshire-pune.github.io/loyalty-card-tracker/?id=YSLC066
YSLC067,YSLC067.png,https://yolkshire-pune.github.io/loyalty-card-tracker/?id=YSLC067
YSLC068,YSLC068.png,https://yolkshire-pune.github.io/loyalty-card-tracker/?id=YSLC068
YSLC069,YSLC069.png,https://yolkshire-pune.github.io/loyalty-card-tracker/?id=YSLC069
YSLC070,YSLC070.png,https://yolkshire-pune.github.io/loyalty-card-tracker/?id=YSLC070
YSLC071,YSLC071.png,https://yolkshire-pune.github.io/loyalty-card-tracker/?id=YSLC071
YSLC072,YSLC072.png,https://yolkshire-pune.github.io/loyalty-card-tracker/?id=YSLC072
YSLC073,YSLC073.png,https://yolkshire-pune.github.io/loyalty-card-tracker/?id=YSLC073
YSLC074,YSLC074.png,https://yolkshire-pune.github.io/loyalty-card-tracker/?id=YSLC074
YSLC075,YSLC075.png,https://yolkshire-pune.github.io/loyalty-card-tracker/?id=YSLC075
YSLC076,YSLC076.png,https://yolkshire-pune.github.io/loyalty-card-tracker/?id=YSLC076
YSLC077,YSLC077.png,https://yolkshire-pune.github.io/loyalty-card-tracker/?id=YSLC077
YSLC078,YSLC078.png,https://yolkshire-pune.github.io/loyalty-card-tracker/?id=YSLC078
YSLC079,YSLC079.png,https://yolkshire-pune.github.io/loyalty-card-tracker/?id=YSLC079
YSLC080,YSLC080.png,https://yolkshire-pune.github.io/loyalty-card-tracker/?id=YSLC080
YSLC081,YSLC081.png,https://yolkshire-pune.github.io/loyalty-card-tracker/?id=YSLC081
YSLC082,YSLC082.png,https://yolkshire-pune.github.io/loyalty-card-tracker/?id=YSLC082
YSLC083,YSLC083.png,https://yolkshire-pune.github.io/loyalty-card-tracker/?id=YSLC083
YSLC084,YSLC084.png,https://yolkshire-pune.github.io/loyalty-card-tracker/?id=YSLC084
YSLC085,YSLC085.png,https://yolkshire-pune.github.io/loyalty-card-tracker/?id=YSLC085
YSLC086,YSLC086.png,https://yolkshire-pune.github.io/loyalty-card-tracker/?id=YSLC086
YSLC087,YSLC087.png,https://yolkshire-pune.github.io/loyalty-card-tracker/?id=YSLC087
YSLC088,YSLC088.png,https://yolkshire-pune.github.io/loyalty-card-tracker/?id=YSLC088
YSLC089,YSLC089.png,https://yolkshire-pune.github.io/loyalty-card-tracker/?id=YSLC089
YSLC090,YSLC090.png,https://yolkshire-pune.github.io/loyalty-card-tracker/?id=YSLC090
YSLC091,YSLC091.png,https://yolkshire-pune.github.io/loyalty-card-tracker/?id=YSLC091
YSLC092,YSLC092.png,https://yolkshire-pune.github.io/loyalty-card-tracker/?id=YSLC092
YSLC093,YSLC093.png,https://yolkshire-pune.github.io/loyalty-card-tracker/?id=YSLC093
YSLC094,YSLC094.png,https://yolkshire-pune.github.io/loyalty-card-tracker/?id=YSLC094
YSLC095,YSLC095.png,https://yolkshire-pune.github.io/loyalty-card-tracker/?id=YSLC095
YSLC096,YSLC096.png,https://yolkshire-pune.github.io/loyalty-card-tracker/?id=YSLC096
YSLC097,YSLC097.png,https://yolkshire-pune.github.io/loyalty-card-tracker/?id=YSLC097
YSLC098,YSLC098.png,https://yolkshire-pune.github.io/loyalty-card-tracker/?id=YSLC098
YSLC099,YSLC099.png,https://yolkshire-pune.github.io/loyalty-card-tracker/?id=YSLC099
YSLC100,YSLC100.png,https://yolkshire-pune.github.io/loyalty-card-tracker/?id=YSLC100
YSLC101,YSLC101.png,https://yolkshire-pune.github.io/loyalty-card-tracker/?id=YSLC101
YSLC102,YSLC102.png,https://yolkshire-pune.github.io/loyalty-card-tracker/?id=YSLC102
YSLC103,YSLC103.png,https://yolkshire-pune.github.io/loyalty-card-tracker/?id=YSLC103
YSLC104,YSLC104.png,https://yolkshire-pune.github.io/loyalty-card-tracker/?id=YSLC104
YSLC105,YSLC105.png,https://yolkshire-pune.github.io/loyalty-card-tracker/?id=YSLC105
YSLC106,YSLC106.png,https://yolkshire-pune.github.io/loyalty-card-tracker/?id=YSLC106
YSLC107,YSLC107.png,https://yolkshire-pune.github.io/loyalty-card-tracker/?id=YSLC107
YSLC108,YSLC108.png,https://yolkshire-pune.github.io/loyalty-card-tracker/?id=YSLC108
YSLC109,YSLC109.png,https://yolkshire-pune.github.io/loyalty-card-tracker/?id=YSLC109
YSLC110,YSLC110.png,https://yolkshire-pune.github.io/loyalty-card-tracker/?id=YSLC110
YSLC111,YSLC111.png,https://yolkshire-pune.github.io/loyalty-card-tracker/?id=YSLC111
YSLC112,YSLC112.png,https://yolkshire-pune.github.io/loyalty-card-tracker/?id=YSLC112
YSLC113,YSLC113.png,https://yolkshire-pune.github.io/loyalty-card-tracker/?id=YSLC113
YSLC114,YSLC114.png,https://yolkshire-pune.github.io/loyalty-card-tracker/?id=YSLC114
YSLC115,YSLC115.png,https://yolkshire-pune.github.io/loyalty-card-tracker/?id=YSLC115
YSLC116,YSLC116.png,https://yolkshire-pune.github.io/loyalty-card-tracker/?id=YSLC116
YSLC117,YSLC117.png,https://yolkshire-pune.github.io/loyalty-card-tracker/?id=YSLC117
YSLC118,YSLC118.png,https://yolkshire-pune.github.io/loyalty-card-tracker/?id=YSLC118
YSLC119,YSLC119.png,https://yolkshire-pune.github.io/loyalty-card-tracker/?id=YSLC119
YSLC120,YSLC120.png,https://yolkshire-pune.github.io/loyalty-card-tracker/?id=YSLC120
YSLC121,YSLC121.png,https://yolkshire-pune.github.io/loyalty-card-tracker/?id=YSLC121
YSLC122,YSLC122.png,https://yolkshire-pune.github.io/loyalty-card-tracker/?id=YSLC122
YSLC123,YSLC123.png,https://yolkshire-pune.github.io/loyalty-card-tracker/?id=YSLC123
YSLC124,YSLC124.png,https://yolkshire-pune.github.io/loyalty-card-tracker/?id=YSLC124
YSLC125,YSLC125.png,https://yolkshire-pune.github.io/loyalty-card-tracker/?id=YSLC125
YSLC126,YSLC126.png,https://yolkshire-pune.github.io/loyalty-card-tracker/?id=YSLC126
YSLC127,YSLC127.png,https://yolkshire-pune.github.io/loyalty-card-tracker/?id=YSLC127
YSLC128,YSLC128.png,https://yolkshire-pune.github.io/loyalty-card-tracker/?id=YSLC128
YSLC129,YSLC129.png,https://yolkshire-pune.github.io/loyalty-card-tracker/?id=YSLC129
YSLC130,YSLC130.png,https://yolkshire-pune.github.io/loyalty-card-tracker/?id=YSLC130
YSLC131,YSLC131.png,https://yolkshire-pune.github.io/loyalty-card-tracker/?id=YSLC131
YSLC132,YSLC132.png,https://yolkshire-pune.github.io/loyalty-card-tracker/?id=YSLC132
YSLC133,YSLC133.png,https://yolkshire-pune.github.io/loyalty-card-tracker/?id=YSLC133
YSLC134,YSLC134.png,https://yolkshire-pune.github.io/loyalty-card-tracker/?id=YSLC134
YSLC135,YSLC135.png,https://yolkshire-pune.github.io/loyalty-card-tracker/?id=YSLC135
YSLC136,YSLC136.png,https://yolkshire-pune.github.io/loyalty-card-tracker/?id=YSLC136
YSLC137,YSLC137.png,https://yolkshire-pune.github.io/loyalty-card-tracker/?id=YSLC137
YSLC138,YSLC138.png,https://yolkshire-pune.github.io/loyalty-card-tracker/?id=YSLC138
YSLC139,YSLC139.png,https://yolkshire-pune.github.io/loyalty-card-tracker/?id=YSLC139
YSLC140,YSLC140.png,https://yolkshire-pune.github.io/loyalty-card-tracker/?id=YSLC140
YSLC141,YSLC141.png,https://yolkshire-pune.github.io/loyalty-card-tracker/?id=YSLC141
YSLC142,YSLC142.png,https://yolkshire-pune.github.io/loyalty-card-tracker/?id=YSLC142
YSLC143,YSLC143.png,https://yolkshire-pune.github.io/loyalty-card-tracker/?id=YSLC143
YSLC144,YSLC144.png,https://yolkshire-pune.github.io/loyalty-card-tracker/?id=YSLC144
YSLC145,YSLC145.png,https://yolkshire-pune.github.io/loyalty-card-tracker/?id=YSLC145
YSLC146,YSLC146.png,https://yolkshire-pune.github.io/loyalty-card-tracker/?id=YSLC146
YSLC147,YSLC147.png,https://yolkshire-pune.github.io/loyalty-card-tracker/?id=YSLC147
YSLC148,YSLC148.png,https://yolkshire-pune.github.io/loyalty-card-tracker/?id=YSLC148
YSLC149,YSLC149.png,https://yolkshire-pune.github.io/loyalty-card-tracker/?id=YSLC149
YSLC150,YSLC150.png,https://yolkshire-pune.github.io/loyalty-card-tracker/?id=YSLC150
YSLC151,YSLC151.png,https://yolkshire-pune.github.io/loyalty-card-tracker/?id=YSLC151
YSLC152,YSLC152.png,https://yolkshire-pune.github.io/loyalty-card-tracker/?id=YSLC152
YSLC153,YSLC153.png,https://yolkshire-pune.github.io/loyalty-card-tracker/?id=YSLC153
YSLC154,YSLC154.png,https://yolkshire-pune.github.io/loyalty-card-tracker/?id=YSLC154
YSLC155,YSLC155.png,https://yolkshire-pune.github.io/loyalty-card-tracker/?id=YSLC155
YSLC156,YSLC156.png,https://yolkshire-pune.github.io/loyalty-card-tracker/?id=YSLC156
YSLC157,YSLC157.png,https://yolkshire-pune.github.io/loyalty-card-tracker/?id=YSLC157
YSLC158,YSLC158.png,https://yolkshire-pune.github.io/loyalty-card-tracker/?id=YSLC158
YSLC159,YSLC159.png,https://yolkshire-pune.github.io/loyalty-card-tracker/?id=YSLC159
YSLC160,YSLC160.png,https://yolkshire-pune.github.io/loyalty-card-tracker/?id=YSLC160
YSLC161,YSLC161.png,https://yolkshire-pune.github.io/loyalty-card-tracker/?id=YSLC161
YSLC162,YSLC162.png,https://yolkshire-pune.github.io/loyalty-card-tracker/?id=YSLC162
YSLC163,YSLC163.png,https://yolkshire-pune.github.io/loyalty-card-tracker/?id=YSLC163
YSLC164,YSLC164.png,https://yolkshire-pune.github.io/loyalty-card-tracker/?id=YSLC164
YSLC165,YSLC165.png,https://yolkshire-pune.github.io/loyalty-card-tracker/?id=YSLC165
YSLC166,YSLC166.png,https://yolkshire-pune.github.io/loyalty-card-tracker/?id=YSLC166
YSLC167,YSLC167.png,https://yolkshire-pune.github.io/loyalty-card-tracker/?id=YSLC167
YSLC168,YSLC168.png,https://yolkshire-pune.github.io/loyalty-card-tracker/?id=YSLC168
YSLC169,YSLC169.png,https://yolkshire-pune.github.io/loyalty-card-tracker/?id=YSLC169
YSLC170,YSLC170.png,https://yolkshire-pune.github.io/loyalty-card-tracker/?id=YSLC170
YSLC171,YSLC171.png,https://yolkshire-pune.github.io/loyalty-card-tracker/?id=YSLC171
YSLC172,YSLC172.png,https://yolkshire-pune.github.io/loyalty-card-tracker/?id=YSLC172
YSLC173,YSLC173.png,https://yolkshire-pune.github.io/loyalty-card-tracker/?id=YSLC173
YSLC174,YSLC174.png,https://yolkshire-pune.github.io/loyalty-card-tracker/?id=YSLC174
YSLC175,YSLC175.png,https://yolkshire-pune.github.io/loyalty-card-tracker/?id=YSLC175
YSLC176,YSLC176.png,https://yolkshire-pune.github.io/loyalty-card-tracker/?id=YSLC176
YSLC177,YSLC177.png,https://yolkshire-pune.github.io/loyalty-card-tracker/?id=YSLC177
YSLC178,YSLC178.png,https://yolkshire-pune.github.io/loyalty-card-tracker/?id=YSLC178
YSLC179,YSLC179.png,https://yolkshire-pune.github.io/loyalty-card-tracker/?id=YSLC179
YSLC180,YSLC180.png,https://yolkshire-pune.github.io/loyalty-card-tracker/?id=YSLC180
YSLC181,YSLC181.png,https://yolkshire-pune.github.io/loyalty-card-tracker/?id=YSLC181
YSLC182,YSLC182.png,https://yolkshire-pune.github.io/loyalty-card-tracker/?id=YSLC182
YSLC183,YSLC183.png,https://yolkshire-pune.github.io/loyalty-card-tracker/?id=YSLC183
YSLC184,YSLC184.png,https://yolkshire-pune.github.io/loyalty-card-tracker/?id=YSLC184
YSLC185,YSLC185.png,https://yolkshire-pune.github.io/loyalty-card-tracker/?id=YSLC185
YSLC186,YSLC186.png,https://yolkshire-pune.github.io/loyalty-card-tracker/?id=YSLC186
YSLC187,YSLC187.png,https://yolkshire-pune.github.io/loyalty-card-tracker/?id=YSLC187
YSLC188,YSLC188.png,https://yolkshire-pune.github.io/loyalty-card-tracker/?id=YSLC188
YSLC189,YSLC189.png,https://yolkshire-pune.github.io/loyalty-card-tracker/?id=YSLC189
YSLC190,YSLC190.png,https://yolkshire-pune.github.io/loyalty-card-tracker/?id=YSLC190
YSLC191,YSLC191.png,https://yolkshire-pune.github.io/loyalty-card-tracker/?id=YSLC191
YSLC192,YSLC192.png,https://yolkshire-pune.github.io/loyalty-card-tracker/?id=YSLC192
YSLC193,YSLC193.png,https://yolkshire-pune.github.io/loyalty-card-tracker/?id=YSLC193
YSLC194,YSLC194.png,https://yolkshire-pune.github.io/loyalty-card-tracker/?id=YSLC194
YSLC195,YSLC195.png,https://yolkshire-pune.github.io/loyalty-card-tracker/?id=YSLC195
YSLC196,YSLC196.png,https://yolkshire-pune.github.io/loyalty-card-tracker/?id=YSLC196
YSLC197,YSLC197.png,https://yolkshire-pune.github.io/loyalty-card-tracker/?id=YSLC197
YSLC198,YSLC198.png,https://yolkshire-pune.github.io/loyalty-card-tracker/?id=YSLC198
YSLC199,YSLC199.png,https://yolkshire-pune.github.io/loyalty-card-tracker/?id=YSLC199
YSLC200,YSLC200.png,https://yolkshire-pune.github.io/loyalty-card-tracker/?id=YSLC200
YSLC201,YSLC201.png,https://yolkshire-pune.github.io/loyalty-card-tracker/?id=YSLC201
YSLC202,YSLC202.png,https://yolkshire-pune.github.io/loyalty-card-tracker/?id=YSLC202
YSLC203,YSLC203.png,https://yolkshire-pune.github.io/loyalty-card-tracker/?id=YSLC203
YSLC204,YSLC204.png,https://yolkshire-pune.github.io/loyalty-card-tracker/?id=YSLC204
YSLC205,YSLC205.png,https://yolkshire-pune.github.io/loyalty-card-tracker/?id=YSLC205
YSLC206,YSLC206.png,https://yolkshire-pune.github.io/loyalty-card-tracker/?id=YSLC206
YSLC207,YSLC207.png,https://yolkshire-pune.github.io/loyalty-card-tracker/?id=YSLC207
YSLC208,YSLC208.png,https://yolkshire-pune.github.io/loyalty-card-tracker/?id=YSLC208
YSLC209,YSLC209.png,https://yolkshire-pune.github.io/loyalty-card-tracker/?id=YSLC209
YSLC210,YSLC210.png,https://yolkshire-pune.github.io/loyalty-card-tracker/?id=YSLC210
YSLC211,YSLC211.png,https://yolkshire-pune.github.io/loyalty-card-tracker/?id=YSLC211
YSLC212,YSLC212.png,https://yolkshire-pune.github.io/loyalty-card-tracker/?id=YSLC212
YSLC213,YSLC213.png,https://yolkshire-pune.github.io/loyalty-card-tracker/?id=YSLC213
YSLC214,YSLC214.png,https://yolkshire-pune.github.io/loyalty-card-tracker/?id=YSLC214
YSLC215,YSLC215.png,https://yolkshire-pune.github.io/loyalty-card-tracker/?id=YSLC215
YSLC216,YSLC216.png,https://yolkshire-pune.github.io/loyalty-card-tracker/?id=YSLC216
YSLC217,YSLC217.png,https://yolkshire-pune.github.io/loyalty-card-tracker/?id=YSLC217
YSLC218,YSLC218.png,https://yolkshire-pune.github.io/loyalty-card-tracker/?id=YSLC218
YSLC219,YSLC219.png,https://yolkshire-pune.github.io/loyalty-card-tracker/?id=YSLC219
YSLC220,YSLC220.png,https://yolkshire-pune.github.io/loyalty-card-tracker/?id=YSLC220
YSLC221,YSLC221.png,https://yolkshire-pune.github.io/loyalty-card-tracker/?id=YSLC221
YSLC222,YSLC222.png,https://yolkshire-pune.github.io/loyalty-card-tracker/?id=YSLC222
YSLC223,YSLC223.png,https://yolkshire-pune.github.io/loyalty-card-tracker/?id=YSLC223
YSLC224,YSLC224.png,https://yolkshire-pune.github.io/loyalty-card-tracker/?id=YSLC224
YSLC225,YSLC225.png,https://yolkshire-pune.github.io/loyalty-card-tracker/?id=YSLC225
YSLC226,YSLC226.png,https://yolkshire-pune.github.io/loyalty-card-tracker/?id=YSLC226
YSLC227,YSLC227.png,https://yolkshire-pune.github.io/loyalty-card-tracker/?id=YSLC227
YSLC228,YSLC228.png,https://yolkshire-pune.github.io/loyalty-card-tracker/?id=YSLC228
YSLC229,YSLC229.png,https://yolkshire-pune.github.io/loyalty-card-tracker/?id=YSLC229
YSLC230,YSLC230.png,https://yolkshire-pune.github.io/loyalty-card-tracker/?id=YSLC230
YSLC231,YSLC231.png,https://yolkshire-pune.github.io/loyalty-card-tracker/?id=YSLC231
YSLC232,YSLC232.png,https://yolkshire-pune.github.io/loyalty-card-tracker/?id=YSLC232
YSLC233,YSLC233.png,https://yolkshire-pune.github.io/loyalty-card-tracker/?id=YSLC233
YSLC234,YSLC234.png,https://yolkshire-pune.github.io/loyalty-card-tracker/?id=YSLC234
YSLC235,YSLC235.png,https://yolkshire-pune.github.io/loyalty-card-tracker/?id=YSLC235
YSLC236,YSLC236.png,https://yolkshire-pune.github.io/loyalty-card-tracker/?id=YSLC236
YSLC237,YSLC237.png,https://yolkshire-pune.github.io/loyalty-card-tracker/?id=YSLC237
YSLC238,YSLC238.png,https://yolkshire-pune.github.io/loyalty-card-tracker/?id=YSLC238
YSLC239,YSLC239.png,https://yolkshire-pune.github.io/loyalty-card-tracker/?id=YSLC239
YSLC240,YSLC240.png,https://yolkshire-pune.github.io/loyalty-card-tracker/?id=YSLC240
YSLC241,YSLC241.png,https://yolkshire-pune.github.io/loyalty-card-tracker/?id=YSLC241
YSLC242,YSLC242.png,https://yolkshire-pune.github.io/loyalty-card-tracker/?id=YSLC242
YSLC243,YSLC243.png,https://yolkshire-pune.github.io/loyalty-card-tracker/?id=YSLC243
YSLC244,YSLC244.png,https://yolkshire-pune.github.io/loyalty-card-tracker/?id=YSLC244
YSLC245,YSLC245.png,https://yolkshire-pune.github.io/loyalty-card-tracker/?id=YSLC245
YSLC246,YSLC246.png,https://yolkshire-pune.github.io/loyalty-card-tracker/?id=YSLC246
YSLC247,YSLC247.png,https://yolkshire-pune.github.io/loyalty-card-tracker/?id=YSLC247
YSLC248,YSLC248.png,https://yolkshire-pune.github.io/loyalty-card-tracker/?id=YSLC248
YSLC249,YSLC249.png,https://yolkshire-pune.github.io/loyalty-card-tracker/?id=YSLC249
YSLC250,YSLC250.png,https://yolkshire-pune.github.io/loyalty-card-tracker/?id=YSLC250
YSLC251,YSLC251.png,https://yolkshire-pune.github.io/loyalty-card-tracker/?id=YSLC251
YSLC252,YSLC252.png,https://yolkshire-pune.github.io/loyalty-card-tracker/?id=YSLC252
YSLC253,YSLC253.png,https://yolkshire-pune.github.io/loyalty-card-tracker/?id=YSLC253
YSLC254,YSLC254.png,https://yolkshire-pune.github.io/loyalty-card-tracker/?id=YSLC254
YSLC255,YSLC255.png,https://yolkshire-pune.github.io/loyalty-card-tracker/?id=YSLC255
YSLC256,YSLC256.png,https://yolkshire-pune.github.io/loyalty-card-tracker/?id=YSLC256
YSLC257,YSLC257.png,https://yolkshire-pune.github.io/loyalty-card-tracker/?id=YSLC257
YSLC258,YSLC258.png,https://yolkshire-pune.github.io/loyalty-card-tracker/?id=YSLC258
YSLC259,YSLC259.png,https://yolkshire-pune.github.io/loyalty-card-tracker/?id=YSLC259
YSLC260,YSLC260.png,https://yolkshire-pune.github.io/loyalty-card-tracker/?id=YSLC260
YSLC261,YSLC261.png,https://yolkshire-pune.github.io/loyalty-card-tracker/?id=YSLC261
YSLC262,YSLC262.png,https://yolkshire-pune.github.io/loyalty-card-tracker/?id=YSLC262
YSLC263,YSLC263.png,https://yolkshire-pune.github.io/loyalty-card-tracker/?id=YSLC263
YSLC264,YSLC264.png,https://yolkshire-pune.github.io/loyalty-card-tracker/?id=YSLC264
YSLC265,YSLC265.png,https://yolkshire-pune.github.io/loyalty-card-tracker/?id=YSLC265
YSLC266,YSLC266.png,https://yolkshire-pune.github.io/loyalty-card-tracker/?id=YSLC266
YSLC267,YSLC267.png,https://yolkshire-pune.github.io/loyalty-card-tracker/?id=YSLC267
YSLC268,YSLC268.png,https://yolkshire-pune.github.io/loyalty-card-tracker/?id=YSLC268
YSLC269,YSLC269.png,https://yolkshire-pune.github.io/loyalty-card-tracker/?id=YSLC269
YSLC270,YSLC270.png,https://yolkshire-pune.github.io/loyalty-card-tracker/?id=YSLC270
YSLC271,YSLC271.png,https://yolkshire-pune.github.io/loyalty-card-tracker/?id=YSLC271
YSLC272,YSLC272.png,https://yolkshire-pune.github.io/loyalty-card-tracker/?id=YSLC272
YSLC273,YSLC273.png,https://yolkshire-pune.github.io/loyalty-card-tracker/?id=YSLC273
YSLC274,YSLC274.png,https://yolkshire-pune.github.io/loyalty-card-tracker/?id=YSLC274
YSLC275,YSLC275.png,https://yolkshire-pune.github.io/loyalty-card-tracker/?id=YSLC275
YSLC276,YSLC276.png,https://yolkshire-pune.github.io/loyalty-card-tracker/?id=YSLC276
YSLC277,YSLC277.png,https://yolkshire-pune.github.io/loyalty-card-tracker/?id=YSLC277
YSLC278,YSLC278.png,https://yolkshire-pune.github.io/loyalty-card-tracker/?id=YSLC278
YSLC279,YSLC279.png,https://yolkshire-pune.github.io/loyalty-card-tracker/?id=YSLC279
YSLC280,YSLC280.png,https://yolkshire-pune.github.io/loyalty-card-tracker/?id=YSLC280
YSLC281,YSLC281.png,https://yolkshire-pune.github.io/loyalty-card-tracker/?id=YSLC281
YSLC282,YSLC282.png,https://yolkshire-pune.github.io/loyalty-card-tracker/?id=YSLC282
YSLC283,YSLC283.png,https://yolkshire-pune.github.io/loyalty-card-tracker/?id=YSLC283
YSLC284,YSLC284.png,https://yolkshire-pune.github.io/loyalty-card-tracker/?id=YSLC284
YSLC285,YSLC285.png,https://yolkshire-pune.github.io/loyalty-card-tracker/?id=YSLC285
YSLC286,YSLC286.png,https://yolkshire-pune.github.io/loyalty-card-tracker/?id=YSLC286
YSLC287,YSLC287.png,https://yolkshire-pune.github.io/loyalty-card-tracker/?id=YSLC287
YSLC288,YSLC288.png,https://yolkshire-pune.github.io/loyalty-card-tracker/?id=YSLC288
YSLC289,YSLC289.png,https://yolkshire-pune.github.io/loyalty-card-tracker/?id=YSLC289
YSLC290,YSLC290.png,https://yolkshire-pune.github.io/loyalty-card-tracker/?id=YSLC290
YSLC291,YSLC291.png,https://yolkshire-pune.github.io/loyalty-card-tracker/?id=YSLC291
YSLC292,YSLC292.png,https://yolkshire-pune.github.io/loyalty-card-tracker/?id=YSLC292
YSLC293,YSLC293.png,https://yolkshire-pune.github.io/loyalty-card-tracker/?id=YSLC293
YSLC294,YSLC294.png,https://yolkshire-pune.github.io/loyalty-card-tracker/?id=YSLC294
YSLC295,YSLC295.png,https://yolkshire-pune.github.io/loyalty-card-tracker/?id=YSLC295
YSLC296,YSLC296.png,https://yolkshire-pune.github.io/loyalty-card-tracker/?id=YSLC296
YSLC297,YSLC297.png,https://yolkshire-pune.github.io/loyalty-card-tracker/?id=YSLC297
YSLC298,YSLC298.png,https://yolkshire-pune.github.io/loyalty-card-tracker/?id=YSLC298
YSLC299,YSLC299.png,https://yolkshire-pune.github.io/loyalty-card-tracker/?id=YSLC299
YSLC300,YSLC300.png,https://yolkshire-pune.github.io/loyalty-card-tracker/?id=YSLC300
YSLC301,YSLC301.png,https://yolkshire-pune.github.io/loyalty-card-tracker/?id=YSLC301
YSLC302,YSLC302.png,https://yolkshire-pune.github.io/loyalty-card-tracker/?id=YSLC302
YSLC303,YSLC303.png,https://yolkshire-pune.github.io/loyalty-card-tracker/?id=YSLC303
YSLC304,YSLC304.png,https://yolkshire-pune.github.io/loyalty-card-tracker/?id=YSLC304
YSLC305,YSLC305.png,https://yolkshire-pune.github.io/loyalty-card-tracker/?id=YSLC305
YSLC306,YSLC306.png,https://yolkshire-pune.github.io/loyalty-card-tracker/?id=YSLC306
YSLC307,YSLC307.png,https://yolkshire-pune.github.io/loyalty-card-tracker/?id=YSLC307
YSLC308,YSLC308.png,https://yolkshire-pune.github.io/loyalty-card-tracker/?id=YSLC308
YSLC309,YSLC309.png,https://yolkshire-pune.github.io/loyalty-card-tracker/?id=YSLC309
YSLC310,YSLC310.png,https://yolkshire-pune.github.io/loyalty-card-tracker/?id=YSLC310
YSLC311,YSLC311.png,https://yolkshire-pune.github.io/loyalty-card-tracker/?id=YSLC311
YSLC312,YSLC312.png,https://yolkshire-pune.github.io/loyalty-card-tracker/?id=YSLC312
YSLC313,YSLC313.png,https://yolkshire-pune.github.io/loyalty-card-tracker/?id=YSLC313
YSLC314,YSLC314.png,https://yolkshire-pune.github.io/loyalty-card-tracker/?id=YSLC314
YSLC315,YSLC315.png,https://yolkshire-pune.github.io/loyalty-card-tracker/?id=YSLC315
YSLC316,YSLC316.png,https://yolkshire-pune.github.io/loyalty-card-tracker/?id=YSLC316
YSLC317,YSLC317.png,https://yolkshire-pune.github.io/loyalty-card-tracker/?id=YSLC317
YSLC318,YSLC318.png,https://yolkshire-pune.github.io/loyalty-card-tracker/?id=YSLC318
YSLC319,YSLC319.png,https://yolkshire-pune.github.io/loyalty-card-tracker/?id=YSLC319
YSLC320,YSLC320.png,https://yolkshire-pune.github.io/loyalty-card-tracker/?id=YSLC320
YSLC321,YSLC321.png,https://yolkshire-pune.github.io/loyalty-card-tracker/?id=YSLC321
YSLC322,YSLC322.png,https://yolkshire-pune.github.io/loyalty-card-tracker/?id=YSLC322
YSLC323,YSLC323.png,https://yolkshire-pune.github.io/loyalty-card-tracker/?id=YSLC323
YSLC324,YSLC324.png,https://yolkshire-pune.github.io/loyalty-card-tracker/?id=YSLC324
YSLC325,YSLC325.png,https://yolkshire-pune.github.io/loyalty-card-tracker/?id=YSLC325
YSLC326,YSLC326.png,https://yolkshire-pune.github.io/loyalty-card-tracker/?id=YSLC326
YSLC327,YSLC327.png,https://yolkshire-pune.github.io/loyalty-card-tracker/?id=YSLC327
YSLC328,YSLC328.png,https://yolkshire-pune.github.io/loyalty-card-tracker/?id=YSLC328
YSLC329,YSLC329.png,https://yolkshire-pune.github.io/loyalty-card-tracker/?id=YSLC329
YSLC330,YSLC330.png,https://yolkshire-pune.github.io/loyalty-card-tracker/?id=YSLC330
YSLC331,YSLC331.png,https://yolkshire-pune.github.io/loyalty-card-tracker/?id=YSLC331
YSLC332,YSLC332.png,https://yolkshire-pune.github.io/loyalty-card-tracker/?id=YSLC332
YSLC333,YSLC333.png,https://yolkshire-pune.github.io/loyalty-card-tracker/?id=YSLC333
YSLC334,YSLC334.png,https://yolkshire-pune.github.io/loyalty-card-tracker/?id=YSLC334
YSLC335,YSLC335.png,https://yolkshire-pune.github.io/loyalty-card-tracker/?id=YSLC335
YSLC336,YSLC336.png,https://yolkshire-pune.github.io/loyalty-card-tracker/?id=YSLC336
YSLC337,YSLC337.png,https://yolkshire-pune.github.io/loyalty-card-tracker/?id=YSLC337
YSLC338,YSLC338.png,https://yolkshire-pune.github.io/loyalty-card-tracker/?id=YSLC338
YSLC339,YSLC339.png,https://yolkshire-pune.github.io/loyalty-card-tracker/?id=YSLC339
YSLC340,YSLC340.png,https://yolkshire-pune.github.io/loyalty-card-tracker/?id=YSLC340
YSLC341,YSLC341.png,https://yolkshire-pune.github.io/loyalty-card-tracker/?id=YSLC341
YSLC342,YSLC342.png,https://yolkshire-pune.github.io/loyalty-card-tracker/?id=YSLC342
YSLC343,YSLC343.png,https://yolkshire-pune.github.io/loyalty-card-tracker/?id=YSLC343
YSLC344,YSLC344.png,https://yolkshire-pune.github.io/loyalty-card-tracker/?id=YSLC344
YSLC345,YSLC345.png,https://yolkshire-pune.github.io/loyalty-card-tracker/?id=YSLC345
YSLC346,YSLC346.png,https://yolkshire-pune.github.io/loyalty-card-tracker/?id=YSLC346
YSLC347,YSLC347.png,https://yolkshire-pune.github.io/loyalty-card-tracker/?id=YSLC347
YSLC348,YSLC348.png,https://yolkshire-pune.github.io/loyalty-card-tracker/?id=YSLC348
YSLC349,YSLC349.png,https://yolkshire-pune.github.io/loyalty-card-tracker/?id=YSLC349
YSLC350,YSLC350.png,https://yolkshire-pune.github.io/loyalty-card-tracker/?id=YSLC350
YSLC351,YSLC351.png,https://yolkshire-pune.github.io/loyalty-card-tracker/?id=YSLC351
YSLC352,YSLC352.png,https://yolkshire-pune.github.io/loyalty-card-tracker/?id=YSLC352
YSLC353,YSLC353.png,https://yolkshire-pune.github.io/loyalty-card-tracker/?id=YSLC353
YSLC354,YSLC354.png,https://yolkshire-pune.github.io/loyalty-card-tracker/?id=YSLC354
YSLC355,YSLC355.png,https://yolkshire-pune.github.io/loyalty-card-tracker/?id=YSLC355
YSLC356,YSLC356.png,https://yolkshire-pune.github.io/loyalty-card-tracker/?id=YSLC356
YSLC357,YSLC357.png,https://yolkshire-pune.github.io/loyalty-card-tracker/?id=YSLC357
YSLC358,YSLC358.png,https://yolkshire-pune.github.io/loyalty-card-tracker/?id=YSLC358
YSLC359,YSLC359.png,https://yolkshire-pune.github.io/loyalty-card-tracker/?id=YSLC359
YSLC360,YSLC360.png,https://yolkshire-pune.github.io/loyalty-card-tracker/?id=YSLC360
YSLC361,YSLC361.png,https://yolkshire-pune.github.io/loyalty-card-tracker/?id=YSLC361
YSLC362,YSLC362.png,https://yolkshire-pune.github.io/loyalty-card-tracker/?id=YSLC362
YSLC363,YSLC363.png,https://yolkshire-pune.github.io/loyalty-card-tracker/?id=YSLC363
YSLC364,YSLC364.png,https://yolkshire-pune.github.io/loyalty-card-tracker/?id=YSLC364
YSLC365,YSLC365.png,https://yolkshire-pune.github.io/loyalty-card-tracker/?id=YSLC365
YSLC366,YSLC366.png,https://yolkshire-pune.github.io/loyalty-card-tracker/?id=YSLC366
YSLC367,YSLC367.png,https://yolkshire-pune.github.io/loyalty-card-tracker/?id=YSLC367
YSLC368,YSLC368.png,https://yolkshire-pune.github.io/loyalty-card-tracker/?id=YSLC368
YSLC369,YSLC369.png,https://yolkshire-pune.github.io/loyalty-card-tracker/?id=YSLC369
YSLC370,YSLC370.png,https://yolkshire-pune.github.io/loyalty-card-tracker/?id=YSLC370
YSLC371,YSLC371.png,https://yolkshire-pune.github.io/loyalty-card-tracker/?id=YSLC371
YSLC372,YSLC372.png,https://yolkshire-pune.github.io/loyalty-card-tracker/?id=YSLC372
YSLC373,YSLC373.png,https://yolkshire-pune.github.io/loyalty-card-tracker/?id=YSLC373
YSLC374,YSLC374.png,https://yolkshire-pune.github.io/loyalty-card-tracker/?id=YSLC374
YSLC375,YSLC375.png,https://yolkshire-pune.github.io/loyalty-card-tracker/?id=YSLC375
YSLC376,YSLC376.png,https://yolkshire-pune.github.io/loyalty-card-tracker/?id=YSLC376
YSLC377,YSLC377.png,https://yolkshire-pune.github.io/loyalty-card-tracker/?id=YSLC377
YSLC378,YSLC378.png,https://yolkshire-pune.github.io/loyalty-card-tracker/?id=YSLC378
YSLC379,YSLC379.png,https://yolkshire-pune.github.io/loyalty-card-tracker/?id=YSLC379
YSLC380,YSLC380.png,https://yolkshire-pune.github.io/loyalty-card-tracker/?id=YSLC380
YSLC381,YSLC381.png,https://yolkshire-pune.github.io/loyalty-card-tracker/?id=YSLC381
YSLC382,YSLC382.png,https://yolkshire-pune.github.io/loyalty-card-tracker/?id=YSLC382
YSLC383,YSLC383.png,https://yolkshire-pune.github.io/loyalty-card-tracker/?id=YSLC383
YSLC384,YSLC384.png,https://yolkshire-pune.github.io/loyalty-card-tracker/?id=YSLC384
YSLC385,YSLC385.png,https://yolkshire-pune.github.io/loyalty-card-tracker/?id=YSLC385
YSLC386,YSLC386.png,https://yolkshire-pune.github.io/loyalty-card-tracker/?id=YSLC386
YSLC387,YSLC387.png,https://yolkshire-pune.github.io/loyalty-card-tracker/?id=YSLC387
YSLC388,YSLC388.png,https://yolkshire-pune.github.io/loyalty-card-tracker/?id=YSLC388
YSLC389,YSLC389.png,https://yolkshire-pune.github.io/loyalty-card-tracker/?id=YSLC389
YSLC390,YSLC390.png,https://yolkshire-pune.github.io/loyalty-card-tracker/?id=YSLC390
YSLC391,YSLC391.png,https://yolkshire-pune.github.io/loyalty-card-tracker/?id=YSLC391
YSLC392,YSLC392.png,https://yolkshire-pune.github.io/loyalty-card-tracker/?id=YSLC392
YSLC393,YSLC393.png,https://yolkshire-pune.github.io/loyalty-card-tracker/?id=YSLC393
YSLC394,YSLC394.png,https://yolkshire-pune.github.io/loyalty-card-tracker/?id=YSLC394
YSLC395,YSLC395.png,https://yolkshire-pune.github.io/loyalty-card-tracker/?id=YSLC395
YSLC396,YSLC396.png,https://yolkshire-pune.github.io/loyalty-card-tracker/?id=YSLC396
YSLC397,YSLC397.png,https://yolkshire-pune.github.io/loyalty-card-tracker/?id=YSLC397
YSLC398,YSLC398.png,https://yolkshire-pune.github.io/loyalty-card-tracker/?id=YSLC398
YSLC399,YSLC399.png,https://yolkshire-pune.github.io/loyalty-card-tracker/?id=YSLC399
YSLC400,YSLC400.png,https://yolkshire-pune.github.io/loyalty-card-tracker/?id=YSLC400
YSLC401,YSLC401.png,https://yolkshire-pune.github.io/loyalty-card-tracker/?id=YSLC401
YSLC402,YSLC402.png,https://yolkshire-pune.github.io/loyalty-card-tracker/?id=YSLC402
YSLC403,YSLC403.png,https://yolkshire-pune.github.io/loyalty-card-tracker/?id=YSLC403
YSLC404,YSLC404.png,https://yolkshire-pune.github.io/loyalty-card-tracker/?id=YSLC404
YSLC405,YSLC405.png,https://yolkshire-pune.github.io/loyalty-card-tracker/?id=YSLC405
YSLC406,YSLC406.png,https://yolkshire-pune.github.io/loyalty-card-tracker/?id=YSLC406
YSLC407,YSLC407.png,https://yolkshire-pune.github.io/loyalty-card-tracker/?id=YSLC407
YSLC408,YSLC408.png,https://yolkshire-pune.github.io/loyalty-card-tracker/?id=YSLC408
YSLC409,YSLC409.png,https://yolkshire-pune.github.io/loyalty-card-tracker/?id=YSLC409
YSLC410,YSLC410.png,https://yolkshire-pune.github.io/loyalty-card-tracker/?id=YSLC410
YSLC411,YSLC411.png,https://yolkshire-pune.github.io/loyalty-card-tracker/?id=YSLC411
YSLC412,YSLC412.png,https://yolkshire-pune.github.io/loyalty-card-tracker/?id=YSLC412
YSLC413,YSLC413.png,https://yolkshire-pune.github.io/loyalty-card-tracker/?id=YSLC413
YSLC414,YSLC414.png,https://yolkshire-pune.github.io/loyalty-card-tracker/?id=YSLC414
YSLC415,YSLC415.png,https://yolkshire-pune.github.io/loyalty-card-tracker/?id=YSLC415
YSLC416,YSLC416.png,https://yolkshire-pune.github.io/loyalty-card-tracker/?id=YSLC416
YSLC417,YSLC417.png,https://yolkshire-pune.github.io/loyalty-card-tracker/?id=YSLC417
YSLC418,YSLC418.png,https://yolkshire-pune.github.io/loyalty-card-tracker/?id=YSLC418
YSLC419,YSLC419.png,https://yolkshire-pune.github.io/loyalty-card-tracker/?id=YSLC419
YSLC420,YSLC420.png,https://yolkshire-pune.github.io/loyalty-card-tracker/?id=YSLC420
YSLC421,YSLC421.png,https://yolkshire-pune.github.io/loyalty-card-tracker/?id=YSLC421
YSLC422,YSLC422.png,https://yolkshire-pune.github.io/loyalty-card-tracker/?id=YSLC422
YSLC423,YSLC423.png,https://yolkshire-pune.github.io/loyalty-card-tracker/?id=YSLC423
YSLC424,YSLC424.png,https://yolkshire-pune.github.io/loyalty-card-tracker/?id=YSLC424
YSLC425,YSLC425.png,https://yolkshire-pune.github.io/loyalty-card-tracker/?id=YSLC425
YSLC426,YSLC426.png,https://yolkshire-pune.github.io/loyalty-card-tracker/?id=YSLC426
YSLC427,YSLC427.png,https://yolkshire-pune.github.io/loyalty-card-tracker/?id=YSLC427
YSLC428,YSLC428.png,https://yolkshire-pune.github.io/loyalty-card-tracker/?id=YSLC428
YSLC429,YSLC429.png,https://yolkshire-pune.github.io/loyalty-card-tracker/?id=YSLC429
YSLC430,YSLC430.png,https://yolkshire-pune.github.io/loyalty-card-tracker/?id=YSLC430
YSLC431,YSLC431.png,https://yolkshire-pune.github.io/loyalty-card-tracker/?id=YSLC431
YSLC432,YSLC432.png,https://yolkshire-pune.github.io/loyalty-card-tracker/?id=YSLC432
YSLC433,YSLC433.png,https://yolkshire-pune.github.io/loyalty-card-tracker/?id=YSLC433
YSLC434,YSLC434.png,https://yolkshire-pune.github.io/loyalty-card-tracker/?id=YSLC434
YSLC435,YSLC435.png,https://yolkshire-pune.github.io/loyalty-card-tracker/?id=YSLC435
YSLC436,YSLC436.png,https://yolkshire-pune.github.io/loyalty-card-tracker/?id=YSLC436
YSLC437,YSLC437.png,https://yolkshire-pune.github.io/loyalty-card-tracker/?id=YSLC437
YSLC438,YSLC438.png,https://yolkshire-pune.github.io/loyalty-card-tracker/?id=YSLC438
YSLC439,YSLC439.png,https://yolkshire-pune.github.io/loyalty-card-tracker/?id=YSLC439
YSLC440,YSLC440.png,https://yolkshire-pune.github.io/loyalty-card-tracker/?id=YSLC440
YSLC441,YSLC441.png,https://yolkshire-pune.github.io/loyalty-card-tracker/?id=YSLC441
YSLC442,YSLC442.png,https://yolkshire-pune.github.io/loyalty-card-tracker/?id=YSLC442
YSLC443,YSLC443.png,https://yolkshire-pune.github.io/loyalty-card-tracker/?id=YSLC443
YSLC444,YSLC444.png,https://yolkshire-pune.github.io/loyalty-card-tracker/?id=YSLC444
YSLC445,YSLC445.png,https://yolkshire-pune.github.io/loyalty-card-tracker/?id=YSLC445
YSLC446,YSLC446.png,https://yolkshire-pune.github.io/loyalty-card-tracker/?id=YSLC446
YSLC447,YSLC447.png,https://yolkshire-pune.github.io/loyalty-card-tracker/?id=YSLC447
YSLC448,YSLC448.png,https://yolkshire-pune.github.io/loyalty-card-tracker/?id=YSLC448
YSLC449,YSLC449.png,https://yolkshire-pune.github.io/loyalty-card-tracker/?id=YSLC449
YSLC450,YSLC450.png,https://yolkshire-pune.github.io/loyalty-card-tracker/?id=YSLC450
YSLC451,YSLC451.png,https://yolkshire-pune.github.io/loyalty-card-tracker/?id=YSLC451
YSLC452,YSLC452.png,https://yolkshire-pune.github.io/loyalty-card-tracker/?id=YSLC452
YSLC453,YSLC453.png,https://yolkshire-pune.github.io/loyalty-card-tracker/?id=YSLC453
YSLC454,YSLC454.png,https://yolkshire-pune.github.io/loyalty-card-tracker/?id=YSLC454
YSLC455,YSLC455.png,https://yolkshire-pune.github.io/loyalty-card-tracker/?id=YSLC455
YSLC456,YSLC456.png,https://yolkshire-pune.github.io/loyalty-card-tracker/?id=YSLC456
YSLC457,YSLC457.png,https://yolkshire-pune.github.io/loyalty-card-tracker/?id=YSLC457
YSLC458,YSLC458.png,https://yolkshire-pune.github.io/loyalty-card-tracker/?id=YSLC458
YSLC459,YSLC459.png,https://yolkshire-pune.github.io/loyalty-card-tracker/?id=YSLC459
YSLC460,YSLC460.png,https://yolkshire-pune.github.io/loyalty-card-tracker/?id=YSLC460
YSLC461,YSLC461.png,https://yolkshire-pune.github.io/loyalty-card-tracker/?id=YSLC461
YSLC462,YSLC462.png,https://yolkshire-pune.github.io/loyalty-card-tracker/?id=YSLC462
YSLC463,YSLC463.png,https://yolkshire-pune.github.io/loyalty-card-tracker/?id=YSLC463
YSLC464,YSLC464.png,https://yolkshire-pune.github.io/loyalty-card-tracker/?id=YSLC464
YSLC465,YSLC465.png,https://yolkshire-pune.github.io/loyalty-card-tracker/?id=YSLC465
YSLC466,YSLC466.png,https://yolkshire-pune.github.io/loyalty-card-tracker/?id=YSLC466
YSLC467,YSLC467.png,https://yolkshire-pune.github.io/loyalty-card-tracker/?id=YSLC467
YSLC468,YSLC468.png,https://yolkshire-pune.github.io/loyalty-card-tracker/?id=YSLC468
YSLC469,YSLC469.png,https://yolkshire-pune.github.io/loyalty-card-tracker/?id=YSLC469
YSLC470,YSLC470.png,https://yolkshire-pune.github.io/loyalty-card-tracker/?id=YSLC470
YSLC471,YSLC471.png,https://yolkshire-pune.github.io/loyalty-card-tracker/?id=YSLC471
YSLC472,YSLC472.png,https://yolkshire-pune.github.io/loyalty-card-tracker/?id=YSLC472
YSLC473,YSLC473.png,https://yolkshire-pune.github.io/loyalty-card-tracker/?id=YSLC473
YSLC474,YSLC474.png,https://yolkshire-pune.github.io/loyalty-card-tracker/?id=YSLC474
YSLC475,YSLC475.png,https://yolkshire-pune.github.io/loyalty-card-tracker/?id=YSLC475
YSLC476,YSLC476.png,https://yolkshire-pune.github.io/loyalty-card-tracker/?id=YSLC476
YSLC477,YSLC477.png,https://yolkshire-pune.github.io/loyalty-card-tracker/?id=YSLC477
YSLC478,YSLC478.png,https://yolkshire-pune.github.io/loyalty-card-tracker/?id=YSLC478
YSLC479,YSLC479.png,https://yolkshire-pune.github.io/loyalty-card-tracker/?id=YSLC479
YSLC480,YSLC480.png,https://yolkshire-pune.github.io/loyalty-card-tracker/?id=YSLC480
YSLC481,YSLC481.png,https://yolkshire-pune.github.io/loyalty-card-tracker/?id=YSLC481
YSLC482,YSLC482.png,https://yolkshire-pune.github.io/loyalty-card-tracker/?id=YSLC482
YSLC483,YSLC483.png,https://yolkshire-pune.github.io/loyalty-card-tracker/?id=YSLC483
YSLC484,YSLC484.png,https://yolkshire-pune.github.io/loyalty-card-tracker/?id=YSLC484
YSLC485,YSLC485.png,https://yolkshire-pune.github.io/loyalty-card-tracker/?id=YSLC485
YSLC486,YSLC486.png,https://yolkshire-pune.github.io/loyalty-card-tracker/?id=YSLC486
YSLC487,YSLC487.png,https://yolkshire-pune.github.io/loyalty-card-tracker/?id=YSLC487
YSLC488,YSLC488.png,https://yolkshire-pune.github.io/loyalty-card-tracker/?id=YSLC488
YSLC489,YSLC489.png,https://yolkshire-pune.github.io/loyalty-card-tracker/?id=YSLC489
YSLC490,YSLC490.png,https://yolkshire-pune.github.io/loyalty-card-tracker/?id=YSLC490
YSLC491,YSLC491.png,https://yolkshire-pune.github.io/loyalty-card-tracker/?id=YSLC491
YSLC492,YSLC492.png,https://yolkshire-pune.github.io/loyalty-card-tracker/?id=YSLC492
YSLC493,YSLC493.png,https://yolkshire-pune.github.io/loyalty-card-tracker/?id=YSLC493
YSLC494,YSLC494.png,https://yolkshire-pune.github.io/loyalty-card-tracker/?id=YSLC494
YSLC495,YSLC495.png,https://yolkshire-pune.github.io/loyalty-card-tracker/?id=YSLC495
YSLC496,YSLC496.png,https://yolkshire-pune.github.io/loyalty-card-tracker/?id=YSLC496
YSLC497,YSLC497.png,https://yolkshire-pune.github.io/loyalty-card-tracker/?id=YSLC497
YSLC498,YSLC498.png,https://yolkshire-pune.github.io/loyalty-card-tracker/?id=YSLC498
YSLC499,YSLC499.png,https://yolkshire-pune.github.io/loyalty-card-tracker/?id=YSLC499
YSLC500,YSLC500.png,https://yolkshire-pune.github.io/loyalty-card-tracker/?id=YSLC500
YSLC501,YSLC501.png,https://yolkshire-pune.github.io/loyalty-card-tracker/?id=YSLC501
YSLC502,YSLC502.png,https://yolkshire-pune.github.io/loyalty-card-tracker/?id=YSLC502
YSLC503,YSLC503.png,https://yolkshire-pune.github.io/loyalty-card-tracker/?id=YSLC503
YSLC504,YSLC504.png,https://yolkshire-pune.github.io/loyalty-card-tracker/?id=YSLC504
YSLC505,YSLC505.png,https://yolkshire-pune.github.io/loyalty-card-tracker/?id=YSLC505
YSLC506,YSLC506.png,https://yolkshire-pune.github.io/loyalty-card-tracker/?id=YSLC506
YSLC507,YSLC507.png,https://yolkshire-pune.github.io/loyalty-card-tracker/?id=YSLC507
YSLC508,YSLC508.png,https://yolkshire-pune.github.io/loyalty-card-tracker/?id=YSLC508
YSLC509,YSLC509.png,https://yolkshire-pune.github.io/loyalty-card-tracker/?id=YSLC509
YSLC510,YSLC510.png,https://yolkshire-pune.github.io/loyalty-card-tracker/?id=YSLC510
YSLC511,YSLC511.png,https://yolkshire-pune.github.io/loyalty-card-tracker/?id=YSLC511
YSLC512,YSLC512.png,https://yolkshire-pune.github.io/loyalty-card-tracker/?id=YSLC512
YSLC513,YSLC513.png,https://yolkshire-pune.github.io/loyalty-card-tracker/?id=YSLC513
YSLC514,YSLC514.png,https://yolkshire-pune.github.io/loyalty-card-tracker/?id=YSLC514
YSLC515,YSLC515.png,https://yolkshire-pune.github.io/loyalty-card-tracker/?id=YSLC515
YSLC516,YSLC516.png,https://yolkshire-pune.github.io/loyalty-card-tracker/?id=YSLC516
YSLC517,YSLC517.png,https://yolkshire-pune.github.io/loyalty-card-tracker/?id=YSLC517
YSLC518,YSLC518.png,https://yolkshire-pune.github.io/loyalty-card-tracker/?id=YSLC518
YSLC519,YSLC519.png,https://yolkshire-pune.github.io/loyalty-card-tracker/?id=YSLC519
YSLC520,YSLC520.png,https://yolkshire-pune.github.io/loyalty-card-tracker/?id=YSLC520
YSLC521,YSLC521.png,https://yolkshire-pune.github.io/loyalty-card-tracker/?id=YSLC521
YSLC522,YSLC522.png,https://yolkshire-pune.github.io/loyalty-card-tracker/?id=YSLC522
YSLC523,YSLC523.png,https://yolkshire-pune.github.io/loyalty-card-tracker/?id=YSLC523
YSLC524,YSLC524.png,https://yolkshire-pune.github.io/loyalty-card-tracker/?id=YSLC524
YSLC525,YSLC525.png,https://yolkshire-pune.github.io/loyalty-card-tracker/?id=YSLC525
YSLC526,YSLC526.png,https://yolkshire-pune.github.io/loyalty-card-tracker/?id=YSLC526
YSLC527,YSLC527.png,https://yolkshire-pune.github.io/loyalty-card-tracker/?id=YSLC527
YSLC528,YSLC528.png,https://yolkshire-pune.github.io/loyalty-card-tracker/?id=YSLC528
YSLC529,YSLC529.png,https://yolkshire-pune.github.io/loyalty-card-tracker/?id=YSLC529
YSLC530,YSLC530.png,https://yolkshire-pune.github.io/loyalty-card-tracker/?id=YSLC530
YSLC531,YSLC531.png,https://yolkshire-pune.github.io/loyalty-card-tracker/?id=YSLC531
YSLC532,YSLC532.png,https://yolkshire-pune.github.io/loyalty-card-tracker/?id=YSLC532
YSLC533,YSLC533.png,https://yolkshire-pune.github.io/loyalty-card-tracker/?id=YSLC533
YSLC534,YSLC534.png,https://yolkshire-pune.github.io/loyalty-card-tracker/?id=YSLC534
YSLC535,YSLC535.png,https://yolkshire-pune.github.io/loyalty-card-tracker/?id=YSLC535
YSLC536,YSLC536.png,https://yolkshire-pune.github.io/loyalty-card-tracker/?id=YSLC536
YSLC537,YSLC537.png,https://yolkshire-pune.github.io/loyalty-card-tracker/?id=YSLC537
YSLC538,YSLC538.png,https://yolkshire-pune.github.io/loyalty-card-tracker/?id=YSLC538
YSLC539,YSLC539.png,https://yolkshire-pune.github.io/loyalty-card-tracker/?id=YSLC539
YSLC540,YSLC540.png,https://yolkshire-pune.github.io/loyalty-card-tracker/?id=YSLC540
YSLC541,YSLC541.png,https://yolkshire-pune.github.io/loyalty-card-tracker/?id=YSLC541
YSLC542,YSLC542.png,https://yolkshire-pune.github.io/loyalty-card-tracker/?id=YSLC542
YSLC543,YSLC543.png,https://yolkshire-pune.github.io/loyalty-card-tracker/?id=YSLC543
YSLC544,YSLC544.png,https://yolkshire-pune.github.io/loyalty-card-tracker/?id=YSLC544
YSLC545,YSLC545.png,https://yolkshire-pune.github.io/loyalty-card-tracker/?id=YSLC545
YSLC546,YSLC546.png,https://yolkshire-pune.github.io/loyalty-card-tracker/?id=YSLC546
YSLC547,YSLC547.png,https://yolkshire-pune.github.io/loyalty-card-tracker/?id=YSLC547
YSLC548,YSLC548.png,https://yolkshire-pune.github.io/loyalty-card-tracker/?id=YSLC548
YSLC549,YSLC549.png,https://yolkshire-pune.github.io/loyalty-card-tracker/?id=YSLC549
YSLC550,YSLC550.png,https://yolkshire-pune.github.io/loyalty-card-tracker/?id=YSLC550
YSLC551,YSLC551.png,https://yolkshire-pune.github.io/loyalty-card-tracker/?id=YSLC551
YSLC552,YSLC552.png,https://yolkshire-pune.github.io/loyalty-card-tracker/?id=YSLC552
YSLC553,YSLC553.png,https://yolkshire-pune.github.io/loyalty-card-tracker/?id=YSLC553
YSLC554,YSLC554.png,https://yolkshire-pune.github.io/loyalty-card-tracker/?id=YSLC554
YSLC555,YSLC555.png,https://yolkshire-pune.github.io/loyalty-card-tracker/?id=YSLC555
YSLC556,YSLC556.png,https://yolkshire-pune.github.io/loyalty-card-tracker/?id=YSLC556
YSLC557,YSLC557.png,https://yolkshire-pune.github.io/loyalty-card-tracker/?id=YSLC557
YSLC558,YSLC558.png,https://yolkshire-pune.github.io/loyalty-card-tracker/?id=YSLC558
YSLC559,YSLC559.png,https://yolkshire-pune.github.io/loyalty-card-tracker/?id=YSLC559
YSLC560,YSLC560.png,https://yolkshire-pune.github.io/loyalty-card-tracker/?id=YSLC560
YSLC561,YSLC561.png,https://yolkshire-pune.github.io/loyalty-card-tracker/?id=YSLC561
YSLC562,YSLC562.png,https://yolkshire-pune.github.io/loyalty-card-tracker/?id=YSLC562
YSLC563,YSLC563.png,https://yolkshire-pune.github.io/loyalty-card-tracker/?id=YSLC563
YSLC564,YSLC564.png,https://yolkshire-pune.github.io/loyalty-card-tracker/?id=YSLC564
YSLC565,YSLC565.png,https://yolkshire-pune.github.io/loyalty-card-tracker/?id=YSLC565
YSLC566,YSLC566.png,https://yolkshire-pune.github.io/loyalty-card-tracker/?id=YSLC566
YSLC567,YSLC567.png,https://yolkshire-pune.github.io/loyalty-card-tracker/?id=YSLC567
YSLC568,YSLC568.png,https://yolkshire-pune.github.io/loyalty-card-tracker/?id=YSLC568
YSLC569,YSLC569.png,https://yolkshire-pune.github.io/loyalty-card-tracker/?id=YSLC569
YSLC570,YSLC570.png,https://yolkshire-pune.github.io/loyalty-card-tracker/?id=YSLC570
YSLC571,YSLC571.png,https://yolkshire-pune.github.io/loyalty-card-tracker/?id=YSLC571
YSLC572,YSLC572.png,https://yolkshire-pune.github.io/loyalty-card-tracker/?id=YSLC572
YSLC573,YSLC573.png,https://yolkshire-pune.github.io/loyalty-card-tracker/?id=YSLC573
YSLC574,YSLC574.png,https://yolkshire-pune.github.io/loyalty-card-tracker/?id=YSLC574
YSLC575,YSLC575.png,https://yolkshire-pune.github.io/loyalty-card-tracker/?id=YSLC575
YSLC576,YSLC576.png,https://yolkshire-pune.github.io/loyalty-card-tracker/?id=YSLC576
YSLC577,YSLC577.png,https://yolkshire-pune.github.io/loyalty-card-tracker/?id=YSLC577
YSLC578,YSLC578.png,https://yolkshire-pune.github.io/loyalty-card-tracker/?id=YSLC578
YSLC579,YSLC579.png,https://yolkshire-pune.github.io/loyalty-card-tracker/?id=YSLC579
YSLC580,YSLC580.png,https://yolkshire-pune.github.io/loyalty-card-tracker/?id=YSLC580
YSLC581,YSLC581.png,https://yolkshire-pune.github.io/loyalty-card-tracker/?id=YSLC581
YSLC582,YSLC582.png,https://yolkshire-pune.github.io/loyalty-card-tracker/?id=YSLC582
YSLC583,YSLC583.png,https://yolkshire-pune.github.io/loyalty-card-tracker/?id=YSLC583
YSLC584,YSLC584.png,https://yolkshire-pune.github.io/loyalty-card-tracker/?id=YSLC584
YSLC585,YSLC585.png,https://yolkshire-pune.github.io/loyalty-card-tracker/?id=YSLC585
YSLC586,YSLC586.png,https://yolkshire-pune.github.io/loyalty-card-tracker/?id=YSLC586
YSLC587,YSLC587.png,https://yolkshire-pune.github.io/loyalty-card-tracker/?id=YSLC587
YSLC588,YSLC588.png,https://yolkshire-pune.github.io/loyalty-card-tracker/?id=YSLC588
YSLC589,YSLC589.png,https://yolkshire-pune.github.io/loyalty-card-tracker/?id=YSLC589
YSLC590,YSLC590.png,https://yolkshire-pune.github.io/loyalty-card-tracker/?id=YSLC590
YSLC591,YSLC591.png,https://yolkshire-pune.github.io/loyalty-card-tracker/?id=YSLC591
YSLC592,YSLC592.png,https://yolkshire-pune.github.io/loyalty-card-tracker/?id=YSLC592
YSLC593,YSLC593.png,https://yolkshire-pune.github.io/loyalty-card-tracker/?id=YSLC593
YSLC594,YSLC594.png,https://yolkshire-pune.github.io/loyalty-card-tracker/?id=YSLC594
YSLC595,YSLC595.png,https://yolkshire-pune.github.io/loyalty-card-tracker/?id=YSLC595
YSLC596,YSLC596.png,https://yolkshire-pune.github.io/loyalty-card-tracker/?id=YSLC596
YSLC597,YSLC597.png,https://yolkshire-pune.github.io/loyalty-card-tracker/?id=YSLC597
YSLC598,YSLC598.png,https://yolkshire-pune.github.io/loyalty-card-tracker/?id=YSLC598
YSLC599,YSLC599.png,https://yolkshire-pune.github.io/loyalty-card-tracker/?id=YSLC599
YSLC600,YSLC600.png,https://yolkshire-pune.github.io/loyalty-card-tracker/?id=YSLC600
YSLC601,YSLC601.png,https://yolkshire-pune.github.io/loyalty-card-tracker/?id=YSLC601
YSLC602,YSLC602.png,https://yolkshire-pune.github.io/loyalty-card-tracker/?id=YSLC602
YSLC603,YSLC603.png,https://yolkshire-pune.github.io/loyalty-card-tracker/?id=YSLC603
YSLC604,YSLC604.png,https://yolkshire-pune.github.io/loyalty-card-tracker/?id=YSLC604
YSLC605,YSLC605.png,https://yolkshire-pune.github.io/loyalty-card-tracker/?id=YSLC605
YSLC606,YSLC606.png,https://yolkshire-pune.github.io/loyalty-card-tracker/?id=YSLC606
YSLC607,YSLC607.png,https://yolkshire-pune.github.io/loyalty-card-tracker/?id=YSLC607
YSLC608,YSLC608.png,https://yolkshire-pune.github.io/loyalty-card-tracker/?id=YSLC608
YSLC609,YSLC609.png,https://yolkshire-pune.github.io/loyalty-card-tracker/?id=YSLC609
YSLC610,YSLC610.png,https://yolkshire-pune.github.io/loyalty-card-tracker/?id=YSLC610
YSLC611,YSLC611.png,https://yolkshire-pune.github.io/loyalty-card-tracker/?id=YSLC611
YSLC612,YSLC612.png,https://yolkshire-pune.github.io/loyalty-card-tracker/?id=YSLC612
YSLC613,YSLC613.png,https://yolkshire-pune.github.io/loyalty-card-tracker/?id=YSLC613
YSLC614,YSLC614.png,https://yolkshire-pune.github.io/loyalty-card-tracker/?id=YSLC614
YSLC615,YSLC615.png,https://yolkshire-pune.github.io/loyalty-card-tracker/?id=YSLC615
YSLC616,YSLC616.png,https://yolkshire-pune.github.io/loyalty-card-tracker/?id=YSLC616
YSLC617,YSLC617.png,https://yolkshire-pune.github.io/loyalty-card-tracker/?id=YSLC617
YSLC618,YSLC618.png,https://yolkshire-pune.github.io/loyalty-card-tracker/?id=YSLC618
YSLC619,YSLC619.png,https://yolkshire-pune.github.io/loyalty-card-tracker/?id=YSLC619
YSLC620,YSLC620.png,https://yolkshire-pune.github.io/loyalty-card-tracker/?id=YSLC620
YSLC621,YSLC621.png,https://yolkshire-pune.github.io/loyalty-card-tracker/?id=YSLC621
YSLC622,YSLC622.png,https://yolkshire-pune.github.io/loyalty-card-tracker/?id=YSLC622
YSLC623,YSLC623.png,https://yolkshire-pune.github.io/loyalty-card-tracker/?id=YSLC623
YSLC624,YSLC624.png,https://yolkshire-pune.github.io/loyalty-card-tracker/?id=YSLC624
YSLC625,YSLC625.png,https://yolkshire-pune.github.io/loyalty-card-tracker/?id=YSLC625
YSLC626,YSLC626.png,https://yolkshire-pune.github.io/loyalty-card-tracker/?id=YSLC626
YSLC627,YSLC627.png,https://yolkshire-pune.github.io/loyalty-card-tracker/?id=YSLC627
YSLC628,YSLC628.png,https://yolkshire-pune.github.io/loyalty-card-tracker/?id=YSLC628
YSLC629,YSLC629.png,https://yolkshire-pune.github.io/loyalty-card-tracker/?id=YSLC629
YSLC630,YSLC630.png,https://yolkshire-pune.github.io/loyalty-card-tracker/?id=YSLC630
YSLC631,YSLC631.png,https://yolkshire-pune.github.io/loyalty-card-tracker/?id=YSLC631
YSLC632,YSLC632.png,https://yolkshire-pune.github.io/loyalty-card-tracker/?id=YSLC632
YSLC633,YSLC633.png,https://yolkshire-pune.github.io/loyalty-card-tracker/?id=YSLC633
YSLC634,YSLC634.png,https://yolkshire-pune.github.io/loyalty-card-tracker/?id=YSLC634
YSLC635,YSLC635.png,https://yolkshire-pune.github.io/loyalty-card-tracker/?id=YSLC635
YSLC636,YSLC636.png,https://yolkshire-pune.github.io/loyalty-card-tracker/?id=YSLC636
YSLC637,YSLC637.png,https://yolkshire-pune.github.io/loyalty-card-tracker/?id=YSLC637
YSLC638,YSLC638.png,https://yolkshire-pune.github.io/loyalty-card-tracker/?id=YSLC638
YSLC639,YSLC639.png,https://yolkshire-pune.github.io/loyalty-card-tracker/?id=YSLC639
YSLC640,YSLC640.png,https://yolkshire-pune.github.io/loyalty-card-tracker/?id=YSLC640
YSLC641,YSLC641.png,https://yolkshire-pune.github.io/loyalty-card-tracker/?id=YSLC641
YSLC642,YSLC642.png,https://yolkshire-pune.github.io/loyalty-card-tracker/?id=YSLC642
YSLC643,YSLC643.png,https://yolkshire-pune.github.io/loyalty-card-tracker/?id=YSLC643
YSLC644,YSLC644.png,https://yolkshire-pune.github.io/loyalty-card-tracker/?id=YSLC644
YSLC645,YSLC645.png,https://yolkshire-pune.github.io/loyalty-card-tracker/?id=YSLC645
YSLC646,YSLC646.png,https://yolkshire-pune.github.io/loyalty-card-tracker/?id=YSLC646
YSLC647,YSLC647.png,https://yolkshire-pune.github.io/loyalty-card-tracker/?id=YSLC647
YSLC648,YSLC648.png,https://yolkshire-pune.github.io/loyalty-card-tracker/?id=YSLC648
YSLC649,YSLC649.png,https://yolkshire-pune.github.io/loyalty-card-tracker/?id=YSLC649
YSLC650,YSLC650.png,https://yolkshire-pune.github.io/loyalty-card-tracker/?id=YSLC650
YSLC651,YSLC651.png,https://yolkshire-pune.github.io/loyalty-card-tracker/?id=YSLC651
YSLC652,YSLC652.png,https://yolkshire-pune.github.io/loyalty-card-tracker/?id=YSLC652
YSLC653,YSLC653.png,https://yolkshire-pune.github.io/loyalty-card-tracker/?id=YSLC653
YSLC654,YSLC654.png,https://yolkshire-pune.github.io/loyalty-card-tracker/?id=YSLC654
YSLC655,YSLC655.png,https://yolkshire-pune.github.io/loyalty-card-tracker/?id=YSLC655
YSLC656,YSLC656.png,https://yolkshire-pune.github.io/loyalty-card-tracker/?id=YSLC656
YSLC657,YSLC657.png,https://yolkshire-pune.github.io/loyalty-card-tracker/?id=YSLC657
YSLC658,YSLC658.png,https://yolkshire-pune.github.io/loyalty-card-tracker/?id=YSLC658
YSLC659,YSLC659.png,https://yolkshire-pune.github.io/loyalty-card-tracker/?id=YSLC659
YSLC660,YSLC660.png,https://yolkshire-pune.github.io/loyalty-card-tracker/?id=YSLC660
YSLC661,YSLC661.png,https://yolkshire-pune.github.io/loyalty-card-tracker/?id=YSLC661
YSLC662,YSLC662.png,https://yolkshire-pune.github.io/loyalty-card-tracker/?id=YSLC662
YSLC663,YSLC663.png,https://yolkshire-pune.github.io/loyalty-card-tracker/?id=YSLC663
YSLC664,YSLC664.png,https://yolkshire-pune.github.io/loyalty-card-tracker/?id=YSLC664
YSLC665,YSLC665.png,https://yolkshire-pune.github.io/loyalty-card-tracker/?id=YSLC665
YSLC666,YSLC666.png,https://yolkshire-pune.github.io/loyalty-card-tracker/?id=YSLC666
YSLC667,YSLC667.png,https://yolkshire-pune.github.io/loyalty-card-tracker/?id=YSLC667
YSLC668,YSLC668.png,https://yolkshire-pune.github.io/loyalty-card-tracker/?id=YSLC668
YSLC669,YSLC669.png,https://yolkshire-pune.github.io/loyalty-card-tracker/?id=YSLC669
YSLC670,YSLC670.png,https://yolkshire-pune.github.io/loyalty-card-tracker/?id=YSLC670
YSLC671,YSLC671.png,https://yolkshire-pune.github.io/loyalty-card-tracker/?id=YSLC671
YSLC672,YSLC672.png,https://yolkshire-pune.github.io/loyalty-card-tracker/?id=YSLC672
YSLC673,YSLC673.png,https://yolkshire-pune.github.io/loyalty-card-tracker/?id=YSLC673
YSLC674,YSLC674.png,https://yolkshire-pune.github.io/loyalty-card-tracker/?id=YSLC674
YSLC675,YSLC675.png,https://yolkshire-pune.github.io/loyalty-card-tracker/?id=YSLC675
YSLC676,YSLC676.png,https://yolkshire-pune.github.io/loyalty-card-tracker/?id=YSLC676
YSLC677,YSLC677.png,https://yolkshire-pune.github.io/loyalty-card-tracker/?id=YSLC677
YSLC678,YSLC678.png,https://yolkshire-pune.github.io/loyalty-card-tracker/?id=YSLC678
YSLC679,YSLC679.png,https://yolkshire-pune.github.io/loyalty-card-tracker/?id=YSLC679
YSLC680,YSLC680.png,https://yolkshire-pune.github.io/loyalty-card-tracker/?id=YSLC680
YSLC681,YSLC681.png,https://yolkshire-pune.github.io/loyalty-card-tracker/?id=YSLC681
YSLC682,YSLC682.png,https://yolkshire-pune.github.io/loyalty-card-tracker/?id=YSLC682
YSLC683,YSLC683.png,https://yolkshire-pune.github.io/loyalty-card-tracker/?id=YSLC683
YSLC684,YSLC684.png,https://yolkshire-pune.github.io/loyalty-card-tracker/?id=YSLC684
YSLC685,YSLC685.png,https://yolkshire-pune.github.io/loyalty-card-tracker/?id=YSLC685
YSLC686,YSLC686.png,https://yolkshire-pune.github.io/loyalty-card-tracker/?id=YSLC686
YSLC687,YSLC687.png,https://yolkshire-pune.github.io/loyalty-card-tracker/?id=YSLC687
YSLC688,YSLC688.png,https://yolkshire-pune.github.io/loyalty-card-tracker/?id=YSLC688
YSLC689,YSLC689.png,https://yolkshire-pune.github.io/loyalty-card-tracker/?id=YSLC689
YSLC690,YSLC690.png,https://yolkshire-pune.github.io/loyalty-card-tracker/?id=YSLC690
YSLC691,YSLC691.png,https://yolkshire-pune.github.io/loyalty-card-tracker/?id=YSLC691
YSLC692,YSLC692.png,https://yolkshire-pune.github.io/loyalty-card-tracker/?id=YSLC692
YSLC693,YSLC693.png,https://yolkshire-pune.github.io/loyalty-card-tracker/?id=YSLC693
YSLC694,YSLC694.png,https://yolkshire-pune.github.io/loyalty-card-tracker/?id=YSLC694
YSLC695,YSLC695.png,https://yolkshire-pune.github.io/loyalty-card-tracker/?id=YSLC695
YSLC696,YSLC696.png,https://yolkshire-pune.github.io/loyalty-card-tracker/?id=YSLC696
YSLC697,YSLC697.png,https://yolkshire-pune.github.io/loyalty-card-tracker/?id=YSLC697
YSLC698,YSLC698.png,https://yolkshire-pune.github.io/loyalty-card-tracker/?id=YSLC698
YSLC699,YSLC699.png,https://yolkshire-pune.github.io/loyalty-card-tracker/?id=YSLC699
YSLC700,YSLC700.png,https://yolkshire-pune.github.io/loyalty-card-tracker/?id=YSLC700
YSLC701,YSLC701.png,https://yolkshire-pune.github.io/loyalty-card-tracker/?id=YSLC701
YSLC702,YSLC702.png,https://yolkshire-pune.github.io/loyalty-card-tracker/?id=YSLC702
YSLC703,YSLC703.png,https://yolkshire-pune.github.io/loyalty-card-tracker/?id=YSLC703
YSLC704,YSLC704.png,https://yolkshire-pune.github.io/loyalty-card-tracker/?id=YSLC704
YSLC705,YSLC705.png,https://yolkshire-pune.github.io/loyalty-card-tracker/?id=YSLC705
YSLC706,YSLC706.png,https://yolkshire-pune.github.io/loyalty-card-tracker/?id=YSLC706
YSLC707,YSLC707.png,https://yolkshire-pune.github.io/loyalty-card-tracker/?id=YSLC707
YSLC708,YSLC708.png,https://yolkshire-pune.github.io/loyalty-card-tracker/?id=YSLC708
YSLC709,YSLC709.png,https://yolkshire-pune.github.io/loyalty-card-tracker/?id=YSLC709
YSLC710,YSLC710.png,https://yolkshire-pune.github.io/loyalty-card-tracker/?id=YSLC710
YSLC711,YSLC711.png,https://yolkshire-pune.github.io/loyalty-card-tracker/?id=YSLC711
YSLC712,YSLC712.png,https://yolkshire-pune.github.io/loyalty-card-tracker/?id=YSLC712
YSLC713,YSLC713.png,https://yolkshire-pune.github.io/loyalty-card-tracker/?id=YSLC713
YSLC714,YSLC714.png,https://yolkshire-pune.github.io/loyalty-card-tracker/?id=YSLC714
YSLC715,YSLC715.png,https://yolkshire-pune.github.io/loyalty-card-tracker/?id=YSLC715
YSLC716,YSLC716.png,https://yolkshire-pune.github.io/loyalty-card-tracker/?id=YSLC716
YSLC717,YSLC717.png,https://yolkshire-pune.github.io/loyalty-card-tracker/?id=YSLC717
YSLC718,YSLC718.png,https://yolkshire-pune.github.io/loyalty-card-tracker/?id=YSLC718
YSLC719,YSLC719.png,https://yolkshire-pune.github.io/loyalty-card-tracker/?id=YSLC719
YSLC720,YSLC720.png,https://yolkshire-pune.github.io/loyalty-card-tracker/?id=YSLC720
YSLC721,YSLC721.png,https://yolkshire-pune.github.io/loyalty-card-tracker/?id=YSLC721
YSLC722,YSLC722.png,https://yolkshire-pune.github.io/loyalty-card-tracker/?id=YSLC722
YSLC723,YSLC723.png,https://yolkshire-pune.github.io/loyalty-card-tracker/?id=YSLC723
YSLC724,YSLC724.png,https://yolkshire-pune.github.io/loyalty-card-tracker/?id=YSLC724
YSLC725,YSLC725.png,https://yolkshire-pune.github.io/loyalty-card-tracker/?id=YSLC725
YSLC726,YSLC726.png,https://yolkshire-pune.github.io/loyalty-card-tracker/?id=YSLC726
YSLC727,YSLC727.png,https://yolkshire-pune.github.io/loyalty-card-tracker/?id=YSLC727
YSLC728,YSLC728.png,https://yolkshire-pune.github.io/loyalty-card-tracker/?id=YSLC728
YSLC729,YSLC729.png,https://yolkshire-pune.github.io/loyalty-card-tracker/?id=YSLC729
YSLC730,YSLC730.png,https://yolkshire-pune.github.io/loyalty-card-tracker/?id=YSLC730
YSLC731,YSLC731.png,https://yolkshire-pune.github.io/loyalty-card-tracker/?id=YSLC731
YSLC732,YSLC732.png,https://yolkshire-pune.github.io/loyalty-card-tracker/?id=YSLC732
YSLC733,YSLC733.png,https://yolkshire-pune.github.io/loyalty-card-tracker/?id=YSLC733
YSLC734,YSLC734.png,https://yolkshire-pune.github.io/loyalty-card-tracker/?id=YSLC734
YSLC735,YSLC735.png,https://yolkshire-pune.github.io/loyalty-card-tracker/?id=YSLC735
YSLC736,YSLC736.png,https://yolkshire-pune.github.io/loyalty-card-tracker/?id=YSLC736
YSLC737,YSLC737.png,https://yolkshire-pune.github.io/loyalty-card-tracker/?id=YSLC737
YSLC738,YSLC738.png,https://yolkshire-pune.github.io/loyalty-card-tracker/?id=YSLC738
YSLC739,YSLC739.png,https://yolkshire-pune.github.io/loyalty-card-tracker/?id=YSLC739
YSLC740,YSLC740.png,https://yolkshire-pune.github.io/loyalty-card-tracker/?id=YSLC740
YSLC741,YSLC741.png,https://yolkshire-pune.github.io/loyalty-card-tracker/?id=YSLC741
YSLC742,YSLC742.png,https://yolkshire-pune.github.io/loyalty-card-tracker/?id=YSLC742
YSLC743,YSLC743.png,https://yolkshire-pune.github.io/loyalty-card-tracker/?id=YSLC743
YSLC744,YSLC744.png,https://yolkshire-pune.github.io/loyalty-card-tracker/?id=YSLC744
YSLC745,YSLC745.png,https://yolkshire-pune.github.io/loyalty-card-tracker/?id=YSLC745
YSLC746,YSLC746.png,https://yolkshire-pune.github.io/loyalty-card-tracker/?id=YSLC746
YSLC747,YSLC747.png,https://yolkshire-pune.github.io/loyalty-card-tracker/?id=YSLC747
YSLC748,YSLC748.png,https://yolkshire-pune.github.io/loyalty-card-tracker/?id=YSLC748
YSLC749,YSLC749.png,https://yolkshire-pune.github.io/loyalty-card-tracker/?id=YSLC749
YSLC750,YSLC750.png,https://yolkshire-pune.github.io/loyalty-card-tracker/?id=YSLC750
YSLC751,YSLC751.png,https://yolkshire-pune.github.io/loyalty-card-tracker/?id=YSLC751
YSLC752,YSLC752.png,https://yolkshire-pune.github.io/loyalty-card-tracker/?id=YSLC752
YSLC753,YSLC753.png,https://yolkshire-pune.github.io/loyalty-card-tracker/?id=YSLC753
YSLC754,YSLC754.png,https://yolkshire-pune.github.io/loyalty-card-tracker/?id=YSLC754
YSLC755,YSLC755.png,https://yolkshire-pune.github.io/loyalty-card-tracker/?id=YSLC755
YSLC756,YSLC756.png,https://yolkshire-pune.github.io/loyalty-card-tracker/?id=YSLC756
YSLC757,YSLC757.png,https://yolkshire-pune.github.io/loyalty-card-tracker/?id=YSLC757
YSLC758,YSLC758.png,https://yolkshire-pune.github.io/loyalty-card-tracker/?id=YSLC758
YSLC759,YSLC759.png,https://yolkshire-pune.github.io/loyalty-card-tracker/?id=YSLC759
YSLC760,YSLC760.png,https://yolkshire-pune.github.io/loyalty-card-tracker/?id=YSLC760
YSLC761,YSLC761.png,https://yolkshire-pune.github.io/loyalty-card-tracker/?id=YSLC761
YSLC762,YSLC762.png,https://yolkshire-pune.github.io/loyalty-card-tracker/?id=YSLC762
YSLC763,YSLC763.png,https://yolkshire-pune.github.io/loyalty-card-tracker/?id=YSLC763
YSLC764,YSLC764.png,https://yolkshire-pune.github.io/loyalty-card-tracker/?id=YSLC764
YSLC765,YSLC765.png,https://yolkshire-pune.github.io/loyalty-card-tracker/?id=YSLC765
YSLC766,YSLC766.png,https://yolkshire-pune.github.io/loyalty-card-tracker/?id=YSLC766
YSLC767,YSLC767.png,https://yolkshire-pune.github.io/loyalty-card-tracker/?id=YSLC767
YSLC768,YSLC768.png,https://yolkshire-pune.github.io/loyalty-card-tracker/?id=YSLC768
YSLC769,YSLC769.png,https://yolkshire-pune.github.io/loyalty-card-tracker/?id=YSLC769
YSLC770,YSLC770.png,https://yolkshire-pune.github.io/loyalty-card-tracker/?id=YSLC770
YSLC771,YSLC771.png,https://yolkshire-pune.github.io/loyalty-card-tracker/?id=YSLC771
YSLC772,YSLC772.png,https://yolkshire-pune.github.io/loyalty-card-tracker/?id=YSLC772
YSLC773,YSLC773.png,https://yolkshire-pune.github.io/loyalty-card-tracker/?id=YSLC773
YSLC774,YSLC774.png,https://yolkshire-pune.github.io/loyalty-card-tracker/?id=YSLC774
YSLC775,YSLC775.png,https://yolkshire-pune.github.io/loyalty-card-tracker/?id=YSLC775
YSLC776,YSLC776.png,https://yolkshire-pune.github.io/loyalty-card-tracker/?id=YSLC776
YSLC777,YSLC777.png,https://yolkshire-pune.github.io/loyalty-card-tracker/?id=YSLC777
YSLC778,YSLC778.png,https://yolkshire-pune.github.io/loyalty-card-tracker/?id=YSLC778
YSLC779,YSLC779.png,https://yolkshire-pune.github.io/loyalty-card-tracker/?id=YSLC779
YSLC780,YSLC780.png,https://yolkshire-pune.github.io/loyalty-card-tracker/?id=YSLC780
YSLC781,YSLC781.png,https://yolkshire-pune.github.io/loyalty-card-tracker/?id=YSLC781
YSLC782,YSLC782.png,https://yolkshire-pune.github.io/loyalty-card-tracker/?id=YSLC782
YSLC783,YSLC783.png,https://yolkshire-pune.github.io/loyalty-card-tracker/?id=YSLC783
YSLC784,YSLC784.png,https://yolkshire-pune.github.io/loyalty-card-tracker/?id=YSLC784
YSLC785,YSLC785.png,https://yolkshire-pune.github.io/loyalty-card-tracker/?id=YSLC785
YSLC786,YSLC786.png,https://yolkshire-pune.github.io/loyalty-card-tracker/?id=YSLC786
YSLC787,YSLC787.png,https://yolkshire-pune.github.io/loyalty-card-tracker/?id=YSLC787
YSLC788,YSLC788.png,https://yolkshire-pune.github.io/loyalty-card-tracker/?id=YSLC788
YSLC789,YSLC789.png,https://yolkshire-pune.github.io/loyalty-card-tracker/?id=YSLC789
YSLC790,YSLC790.png,https://yolkshire-pune.github.io/loyalty-card-tracker/?id=YSLC790
YSLC791,YSLC791.png,https://yolkshire-pune.github.io/loyalty-card-tracker/?id=YSLC791
YSLC792,YSLC792.png,https://yolkshire-pune.github.io/loyalty-card-tracker/?id=YSLC792
YSLC793,YSLC793.png,https://yolkshire-pune.github.io/loyalty-card-tracker/?id=YSLC793
YSLC794,YSLC794.png,https://yolkshire-pune.github.io/loyalty-card-tracker/?id=YSLC794
YSLC795,YSLC795.png,https://yolkshire-pune.github.io/loyalty-card-tracker/?id=YSLC795
YSLC796,YSLC796.png,https://yolkshire-pune.github.io/loyalty-card-tracker/?id=YSLC796
YSLC797,YSLC797.png,https://yolkshire-pune.github.io/loyalty-card-tracker/?id=YSLC797
YSLC798,YSLC798.png,https://yolkshire-pune.github.io/loyalty-card-tracker/?id=YSLC798
YSLC799,YSLC799.png,https://yolkshire-pune.github.io/loyalty-card-tracker/?id=YSLC799
YSLC800,YSLC800.png,https://yolkshire-pune.github.io/loyalty-card-tracker/?id=YSLC800
YSLC801,YSLC801.png,https://yolkshire-pune.github.io/loyalty-card-tracker/?id=YSLC801
YSLC802,YSLC802.png,https://yolkshire-pune.github.io/loyalty-card-tracker/?id=YSLC802
YSLC803,YSLC803.png,https://yolkshire-pune.github.io/loyalty-card-tracker/?id=YSLC803
YSLC804,YSLC804.png,https://yolkshire-pune.github.io/loyalty-card-tracker/?id=YSLC804
YSLC805,YSLC805.png,https://yolkshire-pune.github.io/loyalty-card-tracker/?id=YSLC805
YSLC806,YSLC806.png,https://yolkshire-pune.github.io/loyalty-card-tracker/?id=YSLC806
YSLC807,YSLC807.png,https://yolkshire-pune.github.io/loyalty-card-tracker/?id=YSLC807
YSLC808,YSLC808.png,https://yolkshire-pune.github.io/loyalty-card-tracker/?id=YSLC808
YSLC809,YSLC809.png,https://yolkshire-pune.github.io/loyalty-card-tracker/?id=YSLC809
YSLC810,YSLC810.png,https://yolkshire-pune.github.io/loyalty-card-tracker/?id=YSLC810
YSLC811,YSLC811.png,https://yolkshire-pune.github.io/loyalty-card-tracker/?id=YSLC811
YSLC812,YSLC812.png,https://yolkshire-pune.github.io/loyalty-card-tracker/?id=YSLC812
YSLC813,YSLC813.png,https://yolkshire-pune.github.io/loyalty-card-tracker/?id=YSLC813
YSLC814,YSLC814.png,https://yolkshire-pune.github.io/loyalty-card-tracker/?id=YSLC814
YSLC815,YSLC815.png,https://yolkshire-pune.github.io/loyalty-card-tracker/?id=YSLC815
YSLC816,YSLC816.png,https://yolkshire-pune.github.io/loyalty-card-tracker/?id=YSLC816
YSLC817,YSLC817.png,https://yolkshire-pune.github.io/loyalty-card-tracker/?id=YSLC817
YSLC818,YSLC818.png,https://yolkshire-pune.github.io/loyalty-card-tracker/?id=YSLC818
YSLC819,YSLC819.png,https://yolkshire-pune.github.io/loyalty-card-tracker/?id=YSLC819
YSLC820,YSLC820.png,https://yolkshire-pune.github.io/loyalty-card-tracker/?id=YSLC820
YSLC821,YSLC821.png,https://yolkshire-pune.github.io/loyalty-card-tracker/?id=YSLC821
YSLC822,YSLC822.png,https://yolkshire-pune.github.io/loyalty-card-tracker/?id=YSLC822
YSLC823,YSLC823.png,https://yolkshire-pune.github.io/loyalty-card-tracker/?id=YSLC823
YSLC824,YSLC824.png,https://yolkshire-pune.github.io/loyalty-card-tracker/?id=YSLC824
YSLC825,YSLC825.png,https://yolkshire-pune.github.io/loyalty-card-tracker/?id=YSLC825
YSLC826,YSLC826.png,https://yolkshire-pune.github.io/loyalty-card-tracker/?id=YSLC826
YSLC827,YSLC827.png,https://yolkshire-pune.github.io/loyalty-card-tracker/?id=YSLC827
YSLC828,YSLC828.png,https://yolkshire-pune.github.io/loyalty-card-tracker/?id=YSLC828
YSLC829,YSLC829.png,https://yolkshire-pune.github.io/loyalty-card-tracker/?id=YSLC829
YSLC830,YSLC830.png,https://yolkshire-pune.github.io/loyalty-card-tracker/?id=YSLC830
YSLC831,YSLC831.png,https://yolkshire-pune.github.io/loyalty-card-tracker/?id=YSLC831
YSLC832,YSLC832.png,https://yolkshire-pune.github.io/loyalty-card-tracker/?id=YSLC832
YSLC833,YSLC833.png,https://yolkshire-pune.github.io/loyalty-card-tracker/?id=YSLC833
YSLC834,YSLC834.png,https://yolkshire-pune.github.io/loyalty-card-tracker/?id=YSLC834
YSLC835,YSLC835.png,https://yolkshire-pune.github.io/loyalty-card-tracker/?id=YSLC835
YSLC836,YSLC836.png,https://yolkshire-pune.github.io/loyalty-card-tracker/?id=YSLC836
YSLC837,YSLC837.png,https://yolkshire-pune.github.io/loyalty-card-tracker/?id=YSLC837
YSLC838,YSLC838.png,https://yolkshire-pune.github.io/loyalty-card-tracker/?id=YSLC838
YSLC839,YSLC839.png,https://yolkshire-pune.github.io/loyalty-card-tracker/?id=YSLC839
YSLC840,YSLC840.png,https://yolkshire-pune.github.io/loyalty-card-tracker/?id=YSLC840
YSLC841,YSLC841.png,https://yolkshire-pune.github.io/loyalty-card-tracker/?id=YSLC841
YSLC842,YSLC842.png,https://yolkshire-pune.github.io/loyalty-card-tracker/?id=YSLC842
YSLC843,YSLC843.png,https://yolkshire-pune.github.io/loyalty-card-tracker/?id=YSLC843
YSLC844,YSLC844.png,https://yolkshire-pune.github.io/loyalty-card-tracker/?id=YSLC844
YSLC845,YSLC845.png,https://yolkshire-pune.github.io/loyalty-card-tracker/?id=YSLC845
YSLC846,YSLC846.png,https://yolkshire-pune.github.io/loyalty-card-tracker/?id=YSLC846
YSLC847,YSLC847.png,https://yolkshire-pune.github.io/loyalty-card-tracker/?id=YSLC847
YSLC848,YSLC848.png,https://yolkshire-pune.github.io/loyalty-card-tracker/?id=YSLC848
YSLC849,YSLC849.png,https://yolkshire-pune.github.io/loyalty-card-tracker/?id=YSLC849
YSLC850,YSLC850.png,https://yolkshire-pune.github.io/loyalty-card-tracker/?id=YSLC850
YSLC851,YSLC851.png,https://yolkshire-pune.github.io/loyalty-card-tracker/?id=YSLC851
YSLC852,YSLC852.png,https://yolkshire-pune.github.io/loyalty-card-tracker/?id=YSLC852
YSLC853,YSLC853.png,https://yolkshire-pune.github.io/loyalty-card-tracker/?id=YSLC853
YSLC854,YSLC854.png,https://yolkshire-pune.github.io/loyalty-card-tracker/?id=YSLC854
YSLC855,YSLC855.png,https://yolkshire-pune.github.io/loyalty-card-tracker/?id=YSLC855
YSLC856,YSLC856.png,https://yolkshire-pune.github.io/loyalty-card-tracker/?id=YSLC856
YSLC857,YSLC857.png,https://yolkshire-pune.github.io/loyalty-card-tracker/?id=YSLC857
YSLC858,YSLC858.png,https://yolkshire-pune.github.io/loyalty-card-tracker/?id=YSLC858
YSLC859,YSLC859.png,https://yolkshire-pune.github.io/loyalty-card-tracker/?id=YSLC859
YSLC860,YSLC860.png,https://yolkshire-pune.github.io/loyalty-card-tracker/?id=YSLC860
YSLC861,YSLC861.png,https://yolkshire-pune.github.io/loyalty-card-tracker/?id=YSLC861
YSLC862,YSLC862.png,https://yolkshire-pune.github.io/loyalty-card-tracker/?id=YSLC862
YSLC863,YSLC863.png,https://yolkshire-pune.github.io/loyalty-card-tracker/?id=YSLC863
YSLC864,YSLC864.png,https://yolkshire-pune.github.io/loyalty-card-tracker/?id=YSLC864
YSLC865,YSLC865.png,https://yolkshire-pune.github.io/loyalty-card-tracker/?id=YSLC865
YSLC866,YSLC866.png,https://yolkshire-pune.github.io/loyalty-card-tracker/?id=YSLC866
YSLC867,YSLC867.png,https://yolkshire-pune.github.io/loyalty-card-tracker/?id=YSLC867
YSLC868,YSLC868.png,https://yolkshire-pune.github.io/loyalty-card-tracker/?id=YSLC868
YSLC869,YSLC869.png,https://yolkshire-pune.github.io/loyalty-card-tracker/?id=YSLC869
YSLC870,YSLC870.png,https://yolkshire-pune.github.io/loyalty-card-tracker/?id=YSLC870
YSLC871,YSLC871.png,https://yolkshire-pune.github.io/loyalty-card-tracker/?id=YSLC871
YSLC872,YSLC872.png,https://yolkshire-pune.github.io/loyalty-card-tracker/?id=YSLC872
YSLC873,YSLC873.png,https://yolkshire-pune.github.io/loyalty-card-tracker/?id=YSLC873
YSLC874,YSLC874.png,https://yolkshire-pune.github.io/loyalty-card-tracker/?id=YSLC874
YSLC875,YSLC875.png,https://yolkshire-pune.github.io/loyalty-card-tracker/?id=YSLC875
YSLC876,YSLC876.png,https://yolkshire-pune.github.io/loyalty-card-tracker/?id=YSLC876
YSLC877,YSLC877.png,https://yolkshire-pune.github.io/loyalty-card-tracker/?id=YSLC877
YSLC878,YSLC878.png,https://yolkshire-pune.github.io/loyalty-card-tracker/?id=YSLC878
YSLC879,YSLC879.png,https://yolkshire-pune.github.io/loyalty-card-tracker/?id=YSLC879
YSLC880,YSLC880.png,https://yolkshire-pune.github.io/loyalty-card-tracker/?id=YSLC880
YSLC881,YSLC881.png,https://yolkshire-pune.github.io/loyalty-card-tracker/?id=YSLC881
YSLC882,YSLC882.png,https://yolkshire-pune.github.io/loyalty-card-tracker/?id=YSLC882
YSLC883,YSLC883.png,https://yolkshire-pune.github.io/loyalty-card-tracker/?id=YSLC883
YSLC884,YSLC884.png,https://yolkshire-pune.github.io/loyalty-card-tracker/?id=YSLC884
YSLC885,YSLC885.png,https://yolkshire-pune.github.io/loyalty-card-tracker/?id=YSLC885
YSLC886,YSLC886.png,https://yolkshire-pune.github.io/loyalty-card-tracker/?id=YSLC886
YSLC887,YSLC887.png,https://yolkshire-pune.github.io/loyalty-card-tracker/?id=YSLC887
YSLC888,YSLC888.png,https://yolkshire-pune.github.io/loyalty-card-tracker/?id=YSLC888
YSLC889,YSLC889.png,https://yolkshire-pune.github.io/loyalty-card-tracker/?id=YSLC889
YSLC890,YSLC890.png,https://yolkshire-pune.github.io/loyalty-card-tracker/?id=YSLC890
YSLC891,YSLC891.png,https://yolkshire-pune.github.io/loyalty-card-tracker/?id=YSLC891
YSLC892,YSLC892.png,https://yolkshire-pune.github.io/loyalty-card-tracker/?id=YSLC892
YSLC893,YSLC893.png,https://yolkshire-pune.github.io/loyalty-card-tracker/?id=YSLC893
YSLC894,YSLC894.png,https://yolkshire-pune.github.io/loyalty-card-tracker/?id=YSLC894
YSLC895,YSLC895.png,https://yolkshire-pune.github.io/loyalty-card-tracker/?id=YSLC895
YSLC896,YSLC896.png,https://yolkshire-pune.github.io/loyalty-card-tracker/?id=YSLC896
YSLC897,YSLC897.png,https://yolkshire-pune.github.io/loyalty-card-tracker/?id=YSLC897
YSLC898,YSLC898.png,https://yolkshire-pune.github.io/loyalty-card-tracker/?id=YSLC898
YSLC899,YSLC899.png,https://yolkshire-pune.github.io/loyalty-card-tracker/?id=YSLC899
YSLC900,YSLC900.png,https://yolkshire-pune.github.io/loyalty-card-tracker/?id=YSLC900
YSLC901,YSLC901.png,https://yolkshire-pune.github.io/loyalty-card-tracker/?id=YSLC901
YSLC902,YSLC902.png,https://yolkshire-pune.github.io/loyalty-card-tracker/?id=YSLC902
YSLC903,YSLC903.png,https://yolkshire-pune.github.io/loyalty-card-tracker/?id=YSLC903
YSLC904,YSLC904.png,https://yolkshire-pune.github.io/loyalty-card-tracker/?id=YSLC904
YSLC905,YSLC905.png,https://yolkshire-pune.github.io/loyalty-card-tracker/?id=YSLC905
YSLC906,YSLC906.png,https://yolkshire-pune.github.io/loyalty-card-tracker/?id=YSLC906
YSLC907,YSLC907.png,https://yolkshire-pune.github.io/loyalty-card-tracker/?id=YSLC907
YSLC908,YSLC908.png,https://yolkshire-pune.github.io/loyalty-card-tracker/?id=YSLC908
YSLC909,YSLC909.png,https://yolkshire-pune.github.io/loyalty-card-tracker/?id=YSLC909
YSLC910,YSLC910.png,https://yolkshire-pune.github.io/loyalty-card-tracker/?id=YSLC910
YSLC911,YSLC911.png,https://yolkshire-pune.github.io/loyalty-card-tracker/?id=YSLC911
YSLC912,YSLC912.png,https://yolkshire-pune.github.io/loyalty-card-tracker/?id=YSLC912
YSLC913,YSLC913.png,https://yolkshire-pune.github.io/loyalty-card-tracker/?id=YSLC913
YSLC914,YSLC914.png,https://yolkshire-pune.github.io/loyalty-card-tracker/?id=YSLC914
YSLC915,YSLC915.png,https://yolkshire-pune.github.io/loyalty-card-tracker/?id=YSLC915
YSLC916,YSLC916.png,https://yolkshire-pune.github.io/loyalty-card-tracker/?id=YSLC916
YSLC917,YSLC917.png,https://yolkshire-pune.github.io/loyalty-card-tracker/?id=YSLC917
YSLC918,YSLC918.png,https://yolkshire-pune.github.io/loyalty-card-tracker/?id=YSLC918
YSLC919,YSLC919.png,https://yolkshire-pune.github.io/loyalty-card-tracker/?id=YSLC919
YSLC920,YSLC920.png,https://yolkshire-pune.github.io/loyalty-card-tracker/?id=YSLC920
YSLC921,YSLC921.png,https://yolkshire-pune.github.io/loyalty-card-tracker/?id=YSLC921
YSLC922,YSLC922.png,https://yolkshire-pune.github.io/loyalty-card-tracker/?id=YSLC922
YSLC923,YSLC923.png,https://yolkshire-pune.github.io/loyalty-card-tracker/?id=YSLC923
YSLC924,YSLC924.png,https://yolkshire-pune.github.io/loyalty-card-tracker/?id=YSLC924
YSLC925,YSLC925.png,https://yolkshire-pune.github.io/loyalty-card-tracker/?id=YSLC925
YSLC926,YSLC926.png,https://yolkshire-pune.github.io/loyalty-card-tracker/?id=YSLC926
YSLC927,YSLC927.png,https://yolkshire-pune.github.io/loyalty-card-tracker/?id=YSLC927
YSLC928,YSLC928.png,https://yolkshire-pune.github.io/loyalty-card-tracker/?id=YSLC928
YSLC929,YSLC929.png,https://yolkshire-pune.github.io/loyalty-card-tracker/?id=YSLC929
YSLC930,YSLC930.png,https://yolkshire-pune.github.io/loyalty-card-tracker/?id=YSLC930
YSLC931,YSLC931.png,https://yolkshire-pune.github.io/loyalty-card-tracker/?id=YSLC931
YSLC932,YSLC932.png,https://yolkshire-pune.github.io/loyalty-card-tracker/?id=YSLC932
YSLC933,YSLC933.png,https://yolkshire-pune.github.io/loyalty-card-tracker/?id=YSLC933
YSLC934,YSLC934.png,https://yolkshire-pune.github.io/loyalty-card-tracker/?id=YSLC934
YSLC935,YSLC935.png,https://yolkshire-pune.github.io/loyalty-card-tracker/?id=YSLC935
YSLC936,YSLC936.png,https://yolkshire-pune.github.io/loyalty-card-tracker/?id=YSLC936
YSLC937,YSLC937.png,https://yolkshire-pune.github.io/loyalty-card-tracker/?id=YSLC937
YSLC938,YSLC938.png,https://yolkshire-pune.github.io/loyalty-card-tracker/?id=YSLC938
YSLC939,YSLC939.png,https://yolkshire-pune.github.io/loyalty-card-tracker/?id=YSLC939
YSLC940,YSLC940.png,https://yolkshire-pune.github.io/loyalty-card-tracker/?id=YSLC940
YSLC941,YSLC941.png,https://yolkshire-pune.github.io/loyalty-card-tracker/?id=YSLC941
YSLC942,YSLC942.png,https://yolkshire-pune.github.io/loyalty-card-tracker/?id=YSLC942
YSLC943,YSLC943.png,https://yolkshire-pune.github.io/loyalty-card-tracker/?id=YSLC943
YSLC944,YSLC944.png,https://yolkshire-pune.github.io/loyalty-card-tracker/?id=YSLC944
YSLC945,YSLC945.png,https://yolkshire-pune.github.io/loyalty-card-tracker/?id=YSLC945
YSLC946,YSLC946.png,https://yolkshire-pune.github.io/loyalty-card-tracker/?id=YSLC946
YSLC947,YSLC947.png,https://yolkshire-pune.github.io/loyalty-card-tracker/?id=YSLC947
YSLC948,YSLC948.png,https://yolkshire-pune.github.io/loyalty-card-tracker/?id=YSLC948
YSLC949,YSLC949.png,https://yolkshire-pune.github.io/loyalty-card-tracker/?id=YSLC949
YSLC950,YSLC950.png,https://yolkshire-pune.github.io/loyalty-card-tracker/?id=YSLC950
YSLC951,YSLC951.png,https://yolkshire-pune.github.io/loyalty-card-tracker/?id=YSLC951
YSLC952,YSLC952.png,https://yolkshire-pune.github.io/loyalty-card-tracker/?id=YSLC952
YSLC953,YSLC953.png,https://yolkshire-pune.github.io/loyalty-card-tracker/?id=YSLC953
YSLC954,YSLC954.png,https://yolkshire-pune.github.io/loyalty-card-tracker/?id=YSLC954
YSLC955,YSLC955.png,https://yolkshire-pune.github.io/loyalty-card-tracker/?id=YSLC955
YSLC956,YSLC956.png,https://yolkshire-pune.github.io/loyalty-card-tracker/?id=YSLC956
YSLC957,YSLC957.png,https://yolkshire-pune.github.io/loyalty-card-tracker/?id=YSLC957
YSLC958,YSLC958.png,https://yolkshire-pune.github.io/loyalty-card-tracker/?id=YSLC958
YSLC959,YSLC959.png,https://yolkshire-pune.github.io/loyalty-card-tracker/?id=YSLC959
YSLC960,YSLC960.png,https://yolkshire-pune.github.io/loyalty-card-tracker/?id=YSLC960
YSLC961,YSLC961.png,https://yolkshire-pune.github.io/loyalty-card-tracker/?id=YSLC961
YSLC962,YSLC962.png,https://yolkshire-pune.github.io/loyalty-card-tracker/?id=YSLC962
YSLC963,YSLC963.png,https://yolkshire-pune.github.io/loyalty-card-tracker/?id=YSLC963
YSLC964,YSLC964.png,https://yolkshire-pune.github.io/loyalty-card-tracker/?id=YSLC964
YSLC965,YSLC965.png,https://yolkshire-pune.github.io/loyalty-card-tracker/?id=YSLC965
YSLC966,YSLC966.png,https://yolkshire-pune.github.io/loyalty-card-tracker/?id=YSLC966
YSLC967,YSLC967.png,https://yolkshire-pune.github.io/loyalty-card-tracker/?id=YSLC967
YSLC968,YSLC968.png,https://yolkshire-pune.github.io/loyalty-card-tracker/?id=YSLC968
YSLC969,YSLC969.png,https://yolkshire-pune.github.io/loyalty-card-tracker/?id=YSLC969
YSLC970,YSLC970.png,https://yolkshire-pune.github.io/loyalty-card-tracker/?id=YSLC970
YSLC971,YSLC971.png,https://yolkshire-pune.github.io/loyalty-card-tracker/?id=YSLC971
YSLC972,YSLC972.png,https://yolkshire-pune.github.io/loyalty-card-tracker/?id=YSLC972
YSLC973,YSLC973.png,https://yolkshire-pune.github.io/loyalty-card-tracker/?id=YSLC973
YSLC974,YSLC974.png,https://yolkshire-pune.github.io/loyalty-card-tracker/?id=YSLC974
YSLC975,YSLC975.png,https://yolkshire-pune.github.io/loyalty-card-tracker/?id=YSLC975
YSLC976,YSLC976.png,https://yolkshire-pune.github.io/loyalty-card-tracker/?id=YSLC976
YSLC977,YSLC977.png,https://yolkshire-pune.github.io/loyalty-card-tracker/?id=YSLC977
YSLC978,YSLC978.png,https://yolkshire-pune.github.io/loyalty-card-tracker/?id=YSLC978
YSLC979,YSLC979.png,https://yolkshire-pune.github.io/loyalty-card-tracker/?id=YSLC979
YSLC980,YSLC980.png,https://yolkshire-pune.github.io/loyalty-card-tracker/?id=YSLC980
YSLC981,YSLC981.png,https://yolkshire-pune.github.io/loyalty-card-tracker/?id=YSLC981
YSLC982,YSLC982.png,https://yolkshire-pune.github.io/loyalty-card-tracker/?id=YSLC982
YSLC983,YSLC983.png,https://yolkshire-pune.github.io/loyalty-card-tracker/?id=YSLC983
YSLC984,YSLC984.png,https://yolkshire-pune.github.io/loyalty-card-tracker/?id=YSLC984
YSLC985,YSLC985.png,https://yolkshire-pune.github.io/loyalty-card-tracker/?id=YSLC985
YSLC986,YSLC986.png,https://yolkshire-pune.github.io/loyalty-card-tracker/?id=YSLC986
YSLC987,YSLC987.png,https://yolkshire-pune.github.io/loyalty-card-tracker/?id=YSLC987
YSLC988,YSLC988.png,https://yolkshire-pune.github.io/loyalty-card-tracker/?id=YSLC988
YSLC989,YSLC989.png,https://yolkshire-pune.github.io/loyalty-card-tracker/?id=YSLC989
YSLC990,YSLC990.png,https://yolkshire-pune.github.io/loyalty-card-tracker/?id=YSLC990
YSLC991,YSLC991.png,https://yolkshire-pune.github.io/loyalty-card-tracker/?id=YSLC991
YSLC992,YSLC992.png,https://yolkshire-pune.github.io/loyalty-card-tracker/?id=YSLC992
YSLC993,YSLC993.png,https://yolkshire-pune.github.io/loyalty-card-tracker/?id=YSLC993
YSLC994,YSLC994.png,https://yolkshire-pune.github.io/loyalty-card-tracker/?id=YSLC994
YSLC995,YSLC995.png,https://yolkshire-pune.github.io/loyalty-card-tracker/?id=YSLC995
YSLC996,YSLC996.png,https://yolkshire-pune.github.io/loyalty-card-tracker/?id=YSLC996
YSLC997,YSLC997.png,https://yolkshire-pune.github.io/loyalty-card-tracker/?id=YSLC997
YSLC998,YSLC998.png,https://yolkshire-pune.github.io/loyalty-card-tracker/?id=YSLC998
YSLC999,YSLC999.png,https://yolkshire-pune.github.io/loyalty-card-tracker/?id=YSLC999
